Workbook
Name Линия: инфо!$C$34:$C$35
Name Мастер: инфо!$A$34:$A$37
Name Продукт: инфо!$A$15:$A$29

Sheet рапорт
A1: дата | B1: № партии | C1: линия | D1: смена | E1: мастер | F1: продукт | G1: замес | H1: Формовка, лист | I1: Формовка, тонна | J1: На склад | K1: 1-сорт | L1: брак | M1: количество сбросов наката | N1: асбест | O1: Цемент | S1: цемент | T1: асб-слив | U1: цем-слив | V1: Лапрорл | X1: Целлюлоза | Z1: Стекловолокно | AB1: Д/ШИФЕР | AD1: асбозурит | AE1: норма А | AF1: факт А | AG1: откл | AH1: норма Ц | AI1: факт Ц | AJ1: откл | AK1: норма ЦЛ | AL1: факт ЦЛ | AM1: откл | AN1: норма СВ | AO1: факт СВ | AP1: откл | AQ1: норма ФБ | AR1: факт ФБ | AS1: откл | AT1: норма АСБ | AU1: факт АСБ | AV1: откл | AX1: масса, тн
O2: 1 силос | P2: 2 силос | Q2: 3 силос | R2: 4 силос | V2: Приход | W2: Расход | X2: Приход | Y2: Расход | Z2: Приход | AA2: Расход | AB2: Приход | AC2: Расход
A3: 46069 | B3: 0001 | C3: Линия 1 | D3: день | E3: Монаев | F3: РП | G3: 9 | H3: 268 | I3: =IFERROR(H3*VLOOKUP(F3,инфо!$A$15:$C$28,3,FALSE)/1000,0) -> 4.67124 | N3: 908 | O3: 5400 | P3: 0 | Q3: 0 | R3: 0 | S3: =SUM(O3:R3) -> 5400 | T3: 0 | U3: 0 | Y3: 90 | AA3: 0 | AC3: 90 | AD3: 0 | AE3: =SUMIFS(инфо!$D$15:$D$28,инфо!$A$15:$A$28,F3) -> 2.06 | AF3: =IF(H3=0,0,N3/H3) -> 3.3880597 | AG3: =AF3-AE3 -> 1.3280597 | AH3: =SUMIFS(инфо!$E$15:$E$28,инфо!$A$15:$A$28,F3) -> 13.28 | AI3: =IF(H3=0,0,S3/H3) -> 20.149254 | AJ3: =AI3-AH3 -> 6.8692537 | AK3: =SUMIFS(инфо!$F$15:$F$28,инфо!$A$15:$A$28,F3) -> 0.205 | AL3: =IF(H3=0,0,Y3/H3) -> 0.3358209 | AM3: =AL3-AK3 -> 0.1308209 | AN3: =SUMIFS(инфо!$G$15:$G$28,инфо!$A$15:$A$28,F3) -> 0.041 | AO3: =IF(H3=0,0,AA3/H3) -> 0 | AP3: =AO3-AN3 -> -0.041 | AQ3: =SUMIFS(инфо!$H$15:$H$28,инфо!$A$15:$A$28,F3) -> 0 | AR3: =IF(H3=0,0,AC3/H3) -> 0.3358209 | AS3: =AR3-AQ3 -> 0.3358209 | AT3: =SUMIFS(инфо!$I$15:$I$28,инфо!$A$15:$A$28,F3) -> 0.103 | AU3: =IF(H3=0,0,AD3/H3) -> 0 | AV3: =AU3-AT3 -> -0.103 | AX3: =SUMIFS(инфо!$C$15:$C$28,инфо!$A$15:$A$28,F3)*H3 -> 4671.24
A4: 46069 | B4: 0002 | C4: Линия 1 | D4: ночь | E4: Дауылбай | F4: РП коричневый | G4: 27 | H4: 1265 | I4: =IFERROR(H4*VLOOKUP(F4,инфо!$A$15:$C$28,3,FALSE)/1000,0) -> 22.04895 | K4: 13 | L4: 47 | N4: 2706 | O4: 16186 | S4: =SUM(O4:R4) -> 16186 | Y4: 270 | AC4: 270 | AE4: =SUMIFS(инфо!$D$15:$D$28,инфо!$A$15:$A$28,F4) -> 2.06 | AF4: =IF(H4=0,0,N4/H4) -> 2.1391304 | AG4: =AF4-AE4 -> 0.079130435 | AH4: =SUMIFS(инфо!$E$15:$E$28,инфо!$A$15:$A$28,F4) -> 13.28 | AI4: =IF(H4=0,0,S4/H4) -> 12.795257 | AJ4: =AI4-AH4 -> -0.48474308 | AK4: =SUMIFS(инфо!$F$15:$F$28,инфо!$A$15:$A$28,F4) -> 0.205 | AL4: =IF(H4=0,0,Y4/H4) -> 0.21343874 | AM4: =AL4-AK4 -> 0.0084387352 | AN4: =SUMIFS(инфо!$G$15:$G$28,инфо!$A$15:$A$28,F4) -> 0.041 | AO4: =IF(H4=0,0,AA4/H4) -> 0 | AP4: =AO4-AN4 -> -0.041 | AQ4: =SUMIFS(инфо!$H$15:$H$28,инфо!$A$15:$A$28,F4) -> 0 | AR4: =IF(H4=0,0,AC4/H4) -> 0.21343874 | AS4: =AR4-AQ4 -> 0.21343874 | AT4: =SUMIFS(инфо!$I$15:$I$28,инфо!$A$15:$A$28,F4) -> 0.103 | AU4: =IF(H4=0,0,AD4/H4) -> 0 | AV4: =AU4-AT4 -> -0.103 | AX4: =SUMIFS(инфо!$C$15:$C$28,инфо!$A$15:$A$28,F4)*H4 -> 22048.95
A5: =A3+1 -> 46070 | B5: 0003 | C5: Линия 1 | D5: день | E5: Султанулы | F5: РП коричневый | G5: 20 | H5: 996 | I5: =IFERROR(H5*VLOOKUP(F5,инфо!$A$15:$C$28,3,FALSE)/1000,0) -> 17.36028 | K5: 12 | N5: 2003 | O5: 12092 | S5: =SUM(O5:R5) -> 12092 | Y5: 200 | AC5: 190 | AE5: =SUMIFS(инфо!$D$15:$D$28,инфо!$A$15:$A$28,F5) -> 2.06 | AF5: =IF(H5=0,0,N5/H5) -> 2.0110442 | AG5: =AF5-AE5 -> -0.048955823 | AH5: =SUMIFS(инфо!$E$15:$E$28,инфо!$A$15:$A$28,F5) -> 13.28 | AI5: =IF(H5=0,0,S5/H5) -> 12.140562 | AJ5: =AI5-AH5 -> -1.1394378 | AK5: =SUMIFS(инфо!$F$15:$F$28,инфо!$A$15:$A$28,F5) -> 0.205 | AL5: =IF(H5=0,0,Y5/H5) -> 0.20080321 | AM5: =AL5-AK5 -> -0.0041967871 | AN5: =SUMIFS(инфо!$G$15:$G$28,инфо!$A$15:$A$28,F5) -> 0.041 | AO5: =IF(H5=0,0,AA5/H5) -> 0 | AP5: =AO5-AN5 -> -0.041 | AQ5: =SUMIFS(инфо!$H$15:$H$28,инфо!$A$15:$A$28,F5) -> 0 | AR5: =IF(H5=0,0,AC5/H5) -> 0.19076305 | AS5: =AR5-AQ5 -> 0.19076305 | AT5: =SUMIFS(инфо!$I$15:$I$28,инфо!$A$15:$A$28,F5) -> 0.103 | AU5: =IF(H5=0,0,AD5/H5) -> 0 | AV5: =AU5-AT5 -> -0.103 | AX5: =SUMIFS(инфо!$C$15:$C$28,инфо!$A$15:$A$28,F5)*H5 -> 17360.28
A6: 46070 | B6: 0004 | C6: Линия 1 | D6: ночь | E6: Монаев | F6: РП коричневый | G6: 31 | H6: 1441 | I6: =IFERROR(H6*VLOOKUP(F6,инфо!$A$15:$C$28,3,FALSE)/1000,0) -> 25.11663 | K6: 2 | L6: 4 | N6: 3117 | O6: 18988 | S6: =SUM(O6:R6) -> 18988 | Y6: 310 | AC6: 310 | AD6: 155 | AE6: =SUMIFS(инфо!$D$15:$D$28,инфо!$A$15:$A$28,F6) -> 2.06 | AF6: =IF(H6=0,0,N6/H6) -> 2.1630812 | AG6: =AF6-AE6 -> 0.10308119 | AH6: =SUMIFS(инфо!$E$15:$E$28,инфо!$A$15:$A$28,F6) -> 13.28 | AI6: =IF(H6=0,0,S6/H6) -> 13.17696 | AJ6: =AI6-AH6 -> -0.10303956 | AK6: =SUMIFS(инфо!$F$15:$F$28,инфо!$A$15:$A$28,F6) -> 0.205 | AL6: =IF(H6=0,0,Y6/H6) -> 0.21512838 | AM6: =AL6-AK6 -> 0.010128383 | AN6: =SUMIFS(инфо!$G$15:$G$28,инфо!$A$15:$A$28,F6) -> 0.041 | AO6: =IF(H6=0,0,AA6/H6) -> 0 | AP6: =AO6-AN6 -> -0.041 | AQ6: =SUMIFS(инфо!$H$15:$H$28,инфо!$A$15:$A$28,F6) -> 0 | AR6: =IF(H6=0,0,AC6/H6) -> 0.21512838 | AS6: =AR6-AQ6 -> 0.21512838 | AT6: =SUMIFS(инфо!$I$15:$I$28,инфо!$A$15:$A$28,F6) -> 0.103 | AU6: =IF(H6=0,0,AD6/H6) -> 0.10756419 | AV6: =AU6-AT6 -> 0.0045641915 | AX6: =SUMIFS(инфо!$C$15:$C$28,инфо!$A$15:$A$28,F6)*H6 -> 25116.63
A7: 46071 | B7: 0005 | C7: Линия 1 | D7: день | E7: Султанулы | F7: РП коричневый | G7: 13 | H7: 612 | I7: =IFERROR(H7*VLOOKUP(F7,инфо!$A$15:$C$28,3,FALSE)/1000,0) -> 10.66716 | K7: 4 | L7: 6 | N7: 1328 | O7: 1223 | P7: 6617 | S7: =SUM(O7:R7) -> 7840 | Y7: 130 | AC7: 110 | AE7: =SUMIFS(инфо!$D$15:$D$28,инфо!$A$15:$A$28,F7) -> 2.06 | AF7: =IF(H7=0,0,N7/H7) -> 2.1699346 | AG7: =AF7-AE7 -> 0.10993464 | AH7: =SUMIFS(инфо!$E$15:$E$28,инфо!$A$15:$A$28,F7) -> 13.28 | AI7: =IF(H7=0,0,S7/H7) -> 12.810458 | AJ7: =AI7-AH7 -> -0.46954248 | AK7: =SUMIFS(инфо!$F$15:$F$28,инфо!$A$15:$A$28,F7) -> 0.205 | AL7: =IF(H7=0,0,Y7/H7) -> 0.2124183 | AM7: =AL7-AK7 -> 0.0074183007 | AN7: =SUMIFS(инфо!$G$15:$G$28,инфо!$A$15:$A$28,F7) -> 0.041 | AO7: =IF(H7=0,0,AA7/H7) -> 0 | AP7: =AO7-AN7 -> -0.041 | AQ7: =SUMIFS(инфо!$H$15:$H$28,инфо!$A$15:$A$28,F7) -> 0 | AR7: =IF(H7=0,0,AC7/H7) -> 0.17973856 | AS7: =AR7-AQ7 -> 0.17973856 | AT7: =SUMIFS(инфо!$I$15:$I$28,инфо!$A$15:$A$28,F7) -> 0.103 | AU7: =IF(H7=0,0,AD7/H7) -> 0 | AV7: =AU7-AT7 -> -0.103 | AX7: =SUMIFS(инфо!$C$15:$C$28,инфо!$A$15:$A$28,F7)*H7 -> 10667.16
A8: =A6+1 -> 46071 | B8: 0006 | C8: Линия 1 | D8: ночь | E8: Монаев | F8: РП коричневый | G8: 31 | H8: 1491 | I8: =IFERROR(H8*VLOOKUP(F8,инфо!$A$15:$C$28,3,FALSE)/1000,0) -> 25.98813 | K8: 17 | L8: 8 | N8: 3117 | O8: 12200 | P8: 6719 | S8: =SUM(O8:R8) -> 18919 | Y8: 310 | AC8: 310 | AE8: =SUMIFS(инфо!$D$15:$D$28,инфо!$A$15:$A$28,F8) -> 2.06 | AF8: =IF(H8=0,0,N8/H8) -> 2.0905433 | AG8: =AF8-AE8 -> 0.03054326 | AH8: =SUMIFS(инфо!$E$15:$E$28,инфо!$A$15:$A$28,F8) -> 13.28 | AI8: =IF(H8=0,0,S8/H8) -> 12.688799 | AJ8: =AI8-AH8 -> -0.59120054 | AK8: =SUMIFS(инфо!$F$15:$F$28,инфо!$A$15:$A$28,F8) -> 0.205 | AL8: =IF(H8=0,0,Y8/H8) -> 0.20791415 | AM8: =AL8-AK8 -> 0.0029141516 | AN8: =SUMIFS(инфо!$G$15:$G$28,инфо!$A$15:$A$28,F8) -> 0.041 | AO8: =IF(H8=0,0,AA8/H8) -> 0 | AP8: =AO8-AN8 -> -0.041 | AQ8: =SUMIFS(инфо!$H$15:$H$28,инфо!$A$15:$A$28,F8) -> 0 | AR8: =IF(H8=0,0,AC8/H8) -> 0.20791415 | AS8: =AR8-AQ8 -> 0.20791415 | AT8: =SUMIFS(инфо!$I$15:$I$28,инфо!$A$15:$A$28,F8) -> 0.103 | AU8: =IF(H8=0,0,AD8/H8) -> 0 | AV8: =AU8-AT8 -> -0.103 | AX8: =SUMIFS(инфо!$C$15:$C$28,инфо!$A$15:$A$28,F8)*H8 -> 25988.13
A9: =A7+1 -> 46072 | B9: 0007 | C9: Линия 1 | D9: день | E9: Дауылбай | F9: РП коричневый | G9: 32 | H9: 1575 | I9: =IFERROR(H9*VLOOKUP(F9,инфо!$A$15:$C$28,3,FALSE)/1000,0) -> 27.45225 | K9: 9 | L9: 4 | N9: 3210 | O9: 19586 | P9: 0 | S9: =SUM(O9:R9) -> 19586 | Y9: 320 | AC9: 320 | AD9: 160 | AE9: =SUMIFS(инфо!$D$15:$D$28,инфо!$A$15:$A$28,F9) -> 2.06 | AF9: =IF(H9=0,0,N9/H9) -> 2.0380952 | AG9: =AF9-AE9 -> -0.021904762 | AH9: =SUMIFS(инфо!$E$15:$E$28,инфо!$A$15:$A$28,F9) -> 13.28 | AI9: =IF(H9=0,0,S9/H9) -> 12.435556 | AJ9: =AI9-AH9 -> -0.84444444 | AK9: =SUMIFS(инфо!$F$15:$F$28,инфо!$A$15:$A$28,F9) -> 0.205 | AL9: =IF(H9=0,0,Y9/H9) -> 0.2031746 | AM9: =AL9-AK9 -> -0.0018253968 | AN9: =SUMIFS(инфо!$G$15:$G$28,инфо!$A$15:$A$28,F9) -> 0.041 | AO9: =IF(H9=0,0,AA9/H9) -> 0 | AP9: =AO9-AN9 -> -0.041 | AQ9: =SUMIFS(инфо!$H$15:$H$28,инфо!$A$15:$A$28,F9) -> 0 | AR9: =IF(H9=0,0,AC9/H9) -> 0.2031746 | AS9: =AR9-AQ9 -> 0.2031746 | AT9: =SUMIFS(инфо!$I$15:$I$28,инфо!$A$15:$A$28,F9) -> 0.103 | AU9: =IF(H9=0,0,AD9/H9) -> 0.1015873 | AV9: =AU9-AT9 -> -0.0014126984 | AX9: =SUMIFS(инфо!$C$15:$C$28,инфо!$A$15:$A$28,F9)*H9 -> 27452.25
A10: 46072 | B10: 0008 | C10: Линия 1 | D10: ночь | E10: Султанулы | F10: РП коричневый | G10: 35 | H10: 1770 | I10: =IFERROR(H10*VLOOKUP(F10,инфо!$A$15:$C$28,3,FALSE)/1000,0) -> 30.8511 | K10: 4 | L10: 1 | N10: 3538 | O10: 12247 | P10: 9186 | S10: =SUM(O10:R10) -> 21433 | Y10: 350 | AC10: 350 | AE10: =SUMIFS(инфо!$D$15:$D$28,инфо!$A$15:$A$28,F10) -> 2.06 | AF10: =IF(H10=0,0,N10/H10) -> 1.9988701 | AG10: =AF10-AE10 -> -0.061129944 | AH10: =SUMIFS(инфо!$E$15:$E$28,инфо!$A$15:$A$28,F10) -> 13.28 | AI10: =IF(H10=0,0,S10/H10) -> 12.10904 | AJ10: =AI10-AH10 -> -1.1709605 | AK10: =SUMIFS(инфо!$F$15:$F$28,инфо!$A$15:$A$28,F10) -> 0.205 | AL10: =IF(H10=0,0,Y10/H10) -> 0.19774011 | AM10: =AL10-AK10 -> -0.007259887 | AN10: =SUMIFS(инфо!$G$15:$G$28,инфо!$A$15:$A$28,F10) -> 0.041 | AO10: =IF(H10=0,0,AA10/H10) -> 0 | AP10: =AO10-AN10 -> -0.041 | AQ10: =SUMIFS(инфо!$H$15:$H$28,инфо!$A$15:$A$28,F10) -> 0 | AR10: =IF(H10=0,0,AC10/H10) -> 0.19774011 | AS10: =AR10-AQ10 -> 0.19774011 | AT10: =SUMIFS(инфо!$I$15:$I$28,инфо!$A$15:$A$28,F10) -> 0.103 | AU10: =IF(H10=0,0,AD10/H10) -> 0 | AV10: =AU10-AT10 -> -0.103 | AX10: =SUMIFS(инфо!$C$15:$C$28,инфо!$A$15:$A$28,F10)*H10 -> 30851.1
A11: 46073 | B11: 0009 | C11: Линия 1 | D11: день | E11: Дауылбай | F11: РП коричневый | G11: 28 | H11: 1365 | I11: =IFERROR(H11*VLOOKUP(F11,инфо!$A$15:$C$28,3,FALSE)/1000,0) -> 23.79195 | K11: 25 | L11: 4 | N11: 2833 | O11: 8548 | P11: 8573 | S11: =SUM(O11:R11) -> 17121 | Y11: 280 | AC11: 280 | AD11: 140 | AE11: =SUMIFS(инфо!$D$15:$D$28,инфо!$A$15:$A$28,F11) -> 2.06 | AF11: =IF(H11=0,0,N11/H11) -> 2.0754579 | AG11: =AF11-AE11 -> 0.015457875 | AH11: =SUMIFS(инфо!$E$15:$E$28,инфо!$A$15:$A$28,F11) -> 13.28 | AI11: =IF(H11=0,0,S11/H11) -> 12.542857 | AJ11: =AI11-AH11 -> -0.73714286 | AK11: =SUMIFS(инфо!$F$15:$F$28,инфо!$A$15:$A$28,F11) -> 0.205 | AL11: =IF(H11=0,0,Y11/H11) -> 0.20512821 | AM11: =AL11-AK11 -> 0.00012820513 | AN11: =SUMIFS(инфо!$G$15:$G$28,инфо!$A$15:$A$28,F11) -> 0.041 | AO11: =IF(H11=0,0,AA11/H11) -> 0 | AP11: =AO11-AN11 -> -0.041 | AQ11: =SUMIFS(инфо!$H$15:$H$28,инфо!$A$15:$A$28,F11) -> 0 | AR11: =IF(H11=0,0,AC11/H11) -> 0.20512821 | AS11: =AR11-AQ11 -> 0.20512821 | AT11: =SUMIFS(инфо!$I$15:$I$28,инфо!$A$15:$A$28,F11) -> 0.103 | AU11: =IF(H11=0,0,AD11/H11) -> 0.1025641 | AV11: =AU11-AT11 -> -0.00043589744 | AX11: =SUMIFS(инфо!$C$15:$C$28,инфо!$A$15:$A$28,F11)*H11 -> 23791.95
A12: 46073 | B12: 0010 | C12: Линия 1 | D12: ночь | E12: Султанулы | F12: РП красный | G12: 43 | H12: 2096 | I12: =IFERROR(H12*VLOOKUP(F12,инфо!$A$15:$C$28,3,FALSE)/1000,0) -> 36.53328 | K12: 23 | L12: 1 | N12: 4347 | O12: 13442 | P12: 12846 | S12: =SUM(O12:R12) -> 26288 | Y12: 430 | AC12: 430 | AD12: 215 | AE12: =SUMIFS(инфо!$D$15:$D$28,инфо!$A$15:$A$28,F12) -> 2.06 | AF12: =IF(H12=0,0,N12/H12) -> 2.0739504 | AG12: =AF12-AE12 -> 0.013950382 | AH12: =SUMIFS(инфо!$E$15:$E$28,инфо!$A$15:$A$28,F12) -> 13.28 | AI12: =IF(H12=0,0,S12/H12) -> 12.541985 | AJ12: =AI12-AH12 -> -0.73801527 | AK12: =SUMIFS(инфо!$F$15:$F$28,инфо!$A$15:$A$28,F12) -> 0.205 | AL12: =IF(H12=0,0,Y12/H12) -> 0.20515267 | AM12: =AL12-AK12 -> 0.00015267176 | AN12: =SUMIFS(инфо!$G$15:$G$28,инфо!$A$15:$A$28,F12) -> 0.041 | AO12: =IF(H12=0,0,AA12/H12) -> 0 | AP12: =AO12-AN12 -> -0.041 | AQ12: =SUMIFS(инфо!$H$15:$H$28,инфо!$A$15:$A$28,F12) -> 0 | AR12: =IF(H12=0,0,AC12/H12) -> 0.20515267 | AS12: =AR12-AQ12 -> 0.20515267 | AT12: =SUMIFS(инфо!$I$15:$I$28,инфо!$A$15:$A$28,F12) -> 0.103 | AU12: =IF(H12=0,0,AD12/H12) -> 0.10257634 | AV12: =AU12-AT12 -> -0.00042366412 | AX12: =SUMIFS(инфо!$C$15:$C$28,инфо!$A$15:$A$28,F12)*H12 -> 36533.28
A13: =A11+1 -> 46074 | B13: 0011 | C13: Линия 1 | D13: день | E13: Монаев | F13: РП красный | G13: 37 | H13: 1760 | I13: =IFERROR(H13*VLOOKUP(F13,инфо!$A$15:$C$28,3,FALSE)/1000,0) -> 30.6768 | J13: 1700 | K13: 23 | L13: 2 | N13: 3737 | O13: 11620 | P13: 11009 | S13: =SUM(O13:R13) -> 22629 | Y13: 370 | AC13: 370 | AD13: 185 | AE13: =SUMIFS(инфо!$D$15:$D$28,инфо!$A$15:$A$28,F13) -> 2.06 | AF13: =IF(H13=0,0,N13/H13) -> 2.1232955 | AG13: =AF13-AE13 -> 0.063295455 | AH13: =SUMIFS(инфо!$E$15:$E$28,инфо!$A$15:$A$28,F13) -> 13.28 | AI13: =IF(H13=0,0,S13/H13) -> 12.857386 | AJ13: =AI13-AH13 -> -0.42261364 | AK13: =SUMIFS(инфо!$F$15:$F$28,инфо!$A$15:$A$28,F13) -> 0.205 | AL13: =IF(H13=0,0,Y13/H13) -> 0.21022727 | AM13: =AL13-AK13 -> 0.0052272727 | AN13: =SUMIFS(инфо!$G$15:$G$28,инфо!$A$15:$A$28,F13) -> 0.041 | AO13: =IF(H13=0,0,AA13/H13) -> 0 | AP13: =AO13-AN13 -> -0.041 | AQ13: =SUMIFS(инфо!$H$15:$H$28,инфо!$A$15:$A$28,F13) -> 0 | AR13: =IF(H13=0,0,AC13/H13) -> 0.21022727 | AS13: =AR13-AQ13 -> 0.21022727 | AT13: =SUMIFS(инфо!$I$15:$I$28,инфо!$A$15:$A$28,F13) -> 0.103 | AU13: =IF(H13=0,0,AD13/H13) -> 0.10511364 | AV13: =AU13-AT13 -> 0.0021136364 | AX13: =SUMIFS(инфо!$C$15:$C$28,инфо!$A$15:$A$28,F13)*H13 -> 30676.8
A14: =A12+1 -> 46074 | B14: 0012 | C14: Линия 1 | D14: ночь | E14: Дауылбай | F14: РП красный | G14: 41 | H14: 1935 | I14: =IFERROR(H14*VLOOKUP(F14,инфо!$A$15:$C$28,3,FALSE)/1000,0) -> 33.72705 | J14: 1900 | K14: 10 | L14: 8 | N14: 4142 | O14: 12831 | P14: 12243 | S14: =SUM(O14:R14) -> 25074 | Y14: 380 | AC14: 410 | AD14: 205 | AE14: =SUMIFS(инфо!$D$15:$D$28,инфо!$A$15:$A$28,F14) -> 2.06 | AF14: =IF(H14=0,0,N14/H14) -> 2.1405685 | AG14: =AF14-AE14 -> 0.080568475 | AH14: =SUMIFS(инфо!$E$15:$E$28,инфо!$A$15:$A$28,F14) -> 13.28 | AI14: =IF(H14=0,0,S14/H14) -> 12.95814 | AJ14: =AI14-AH14 -> -0.32186047 | AK14: =SUMIFS(инфо!$F$15:$F$28,инфо!$A$15:$A$28,F14) -> 0.205 | AL14: =IF(H14=0,0,Y14/H14) -> 0.19638243 | AM14: =AL14-AK14 -> -0.0086175711 | AN14: =SUMIFS(инфо!$G$15:$G$28,инфо!$A$15:$A$28,F14) -> 0.041 | AO14: =IF(H14=0,0,AA14/H14) -> 0 | AP14: =AO14-AN14 -> -0.041 | AQ14: =SUMIFS(инфо!$H$15:$H$28,инфо!$A$15:$A$28,F14) -> 0 | AR14: =IF(H14=0,0,AC14/H14) -> 0.2118863 | AS14: =AR14-AQ14 -> 0.2118863 | AT14: =SUMIFS(инфо!$I$15:$I$28,инфо!$A$15:$A$28,F14) -> 0.103 | AU14: =IF(H14=0,0,AD14/H14) -> 0.10594315 | AV14: =AU14-AT14 -> 0.0029431525 | AX14: =SUMIFS(инфо!$C$15:$C$28,инфо!$A$15:$A$28,F14)*H14 -> 33727.05
A15: =A13+1 -> 46075 | B15: 0013 | C15: Линия 1 | D15: день | E15: Монаев | F15: РП красный | G15: 31 | H15: 1520 | I15: =IFERROR(H15*VLOOKUP(F15,инфо!$A$15:$C$28,3,FALSE)/1000,0) -> 26.4936 | K15: 7 | L15: 2 | N15: 3127 | O15: 9169 | P15: 9798 | S15: =SUM(O15:R15) -> 18967 | Y15: 310 | AC15: 310 | AD15: 155 | AE15: =SUMIFS(инфо!$D$15:$D$28,инфо!$A$15:$A$28,F15) -> 2.06 | AF15: =IF(H15=0,0,N15/H15) -> 2.0572368 | AG15: =AF15-AE15 -> -0.0027631579 | AH15: =SUMIFS(инфо!$E$15:$E$28,инфо!$A$15:$A$28,F15) -> 13.28 | AI15: =IF(H15=0,0,S15/H15) -> 12.478289 | AJ15: =AI15-AH15 -> -0.80171053 | AK15: =SUMIFS(инфо!$F$15:$F$28,инфо!$A$15:$A$28,F15) -> 0.205 | AL15: =IF(H15=0,0,Y15/H15) -> 0.20394737 | AM15: =AL15-AK15 -> -0.0010526316 | AN15: =SUMIFS(инфо!$G$15:$G$28,инфо!$A$15:$A$28,F15) -> 0.041 | AO15: =IF(H15=0,0,AA15/H15) -> 0 | AP15: =AO15-AN15 -> -0.041 | AQ15: =SUMIFS(инфо!$H$15:$H$28,инфо!$A$15:$A$28,F15) -> 0 | AR15: =IF(H15=0,0,AC15/H15) -> 0.20394737 | AS15: =AR15-AQ15 -> 0.20394737 | AT15: =SUMIFS(инфо!$I$15:$I$28,инфо!$A$15:$A$28,F15) -> 0.103 | AU15: =IF(H15=0,0,AD15/H15) -> 0.10197368 | AV15: =AU15-AT15 -> -0.0010263158 | AX15: =SUMIFS(инфо!$C$15:$C$28,инфо!$A$15:$A$28,F15)*H15 -> 26493.6
A16: 46075 | B16: 0014 | C16: Линия 1 | D16: ночь | E16: Дауылбай | F16: РП красный | G16: 42 | H16: 1985 | I16: =IFERROR(H16*VLOOKUP(F16,инфо!$A$15:$C$28,3,FALSE)/1000,0) -> 34.59855 | K16: 11 | L16: 1 | N16: 4243 | O16: 13418 | P16: 12245 | S16: =SUM(O16:R16) -> 25663 | Y16: 420 | AC16: 420 | AD16: 210 | AE16: =SUMIFS(инфо!$D$15:$D$28,инфо!$A$15:$A$28,F16) -> 2.06 | AF16: =IF(H16=0,0,N16/H16) -> 2.1375315 | AG16: =AF16-AE16 -> 0.077531486 | AH16: =SUMIFS(инфо!$E$15:$E$28,инфо!$A$15:$A$28,F16) -> 13.28 | AI16: =IF(H16=0,0,S16/H16) -> 12.928463 | AJ16: =AI16-AH16 -> -0.35153652 | AK16: =SUMIFS(инфо!$F$15:$F$28,инфо!$A$15:$A$28,F16) -> 0.205 | AL16: =IF(H16=0,0,Y16/H16) -> 0.2115869 | AM16: =AL16-AK16 -> 0.0065869018 | AN16: =SUMIFS(инфо!$G$15:$G$28,инфо!$A$15:$A$28,F16) -> 0.041 | AO16: =IF(H16=0,0,AA16/H16) -> 0 | AP16: =AO16-AN16 -> -0.041 | AQ16: =SUMIFS(инфо!$H$15:$H$28,инфо!$A$15:$A$28,F16) -> 0 | AR16: =IF(H16=0,0,AC16/H16) -> 0.2115869 | AS16: =AR16-AQ16 -> 0.2115869 | AT16: =SUMIFS(инфо!$I$15:$I$28,инфо!$A$15:$A$28,F16) -> 0.103 | AU16: =IF(H16=0,0,AD16/H16) -> 0.10579345 | AV16: =AU16-AT16 -> 0.0027934509 | AX16: =SUMIFS(инфо!$C$15:$C$28,инфо!$A$15:$A$28,F16)*H16 -> 34598.55
A17: =A15+1 -> 46076 | B17: 0015 | C17: Линия 1 | D17: день | E17: Султанулы | F17: РП половинка красный | G17: 19 | H17: 1175 | I17: =IFERROR(H17*VLOOKUP(F17,инфо!$A$15:$C$28,3,FALSE)/1000,0) -> 10.23425 | K17: 8 | L17: 4 | N17: 1916 | O17: 6715 | P17: 4877 | S17: =SUM(O17:R17) -> 11592 | Y17: 190 | AC17: 190 | AE17: =SUMIFS(инфо!$D$15:$D$28,инфо!$A$15:$A$28,F17) -> 1.03 | AF17: =IF(H17=0,0,N17/H17) -> 1.6306383 | AG17: =AF17-AE17 -> 0.6006383 | AH17: =SUMIFS(инфо!$E$15:$E$28,инфо!$A$15:$A$28,F17) -> 664 | AI17: =IF(H17=0,0,S17/H17) -> 9.8655319 | AJ17: =AI17-AH17 -> -654.13447 | AK17: =SUMIFS(инфо!$F$15:$F$28,инфо!$A$15:$A$28,F17) -> 103 | AL17: =IF(H17=0,0,Y17/H17) -> 0.16170213 | AM17: =AL17-AK17 -> -102.8383 | AN17: =SUMIFS(инфо!$G$15:$G$28,инфо!$A$15:$A$28,F17) -> 0.021 | AO17: =IF(H17=0,0,AA17/H17) -> 0 | AP17: =AO17-AN17 -> -0.021 | AQ17: =SUMIFS(инфо!$H$15:$H$28,инфо!$A$15:$A$28,F17) -> 0 | AR17: =IF(H17=0,0,AC17/H17) -> 0.16170213 | AS17: =AR17-AQ17 -> 0.16170213 | AT17: =SUMIFS(инфо!$I$15:$I$28,инфо!$A$15:$A$28,F17) -> 0.051 | AU17: =IF(H17=0,0,AD17/H17) -> 0 | AV17: =AU17-AT17 -> -0.051 | AX17: =SUMIFS(инфо!$C$15:$C$28,инфо!$A$15:$A$28,F17)*H17 -> 10234.25
A18: 46076 | B18: 0016 | C18: Линия 1 | D18: ночь | E18: Монаев | F18: РП половинка красный | G18: 37 | H18: 3145 | I18: =IFERROR(H18*VLOOKUP(F18,инфо!$A$15:$C$28,3,FALSE)/1000,0) -> 27.39295 | N18: 3724 | O18: 11459 | P18: 12099 | S18: =SUM(O18:R18) -> 23558 | Y18: 370 | AC18: 370 | AE18: =SUMIFS(инфо!$D$15:$D$28,инфо!$A$15:$A$28,F18) -> 1.03 | AF18: =IF(H18=0,0,N18/H18) -> 1.1841017 | AG18: =AF18-AE18 -> 0.15410175 | AH18: =SUMIFS(инфо!$E$15:$E$28,инфо!$A$15:$A$28,F18) -> 664 | AI18: =IF(H18=0,0,S18/H18) -> 7.49062 | AJ18: =AI18-AH18 -> -656.50938 | AK18: =SUMIFS(инфо!$F$15:$F$28,инфо!$A$15:$A$28,F18) -> 103 | AL18: =IF(H18=0,0,Y18/H18) -> 0.11764706 | AM18: =AL18-AK18 -> -102.88235 | AN18: =SUMIFS(инфо!$G$15:$G$28,инфо!$A$15:$A$28,F18) -> 0.021 | AO18: =IF(H18=0,0,AA18/H18) -> 0 | AP18: =AO18-AN18 -> -0.021 | AQ18: =SUMIFS(инфо!$H$15:$H$28,инфо!$A$15:$A$28,F18) -> 0 | AR18: =IF(H18=0,0,AC18/H18) -> 0.11764706 | AS18: =AR18-AQ18 -> 0.11764706 | AT18: =SUMIFS(инфо!$I$15:$I$28,инфо!$A$15:$A$28,F18) -> 0.051 | AU18: =IF(H18=0,0,AD18/H18) -> 0 | AV18: =AU18-AT18 -> -0.051 | AX18: =SUMIFS(инфо!$C$15:$C$28,инфо!$A$15:$A$28,F18)*H18 -> 27392.95
A19: =A17+1 -> 46077 | B19: 0017 | C19: Линия 1 | D19: день | E19: Султанулы | F19: РП половинка красный | G19: 27 | H19: 2210 | I19: =IFERROR(H19*VLOOKUP(F19,инфо!$A$15:$C$28,3,FALSE)/1000,0) -> 19.2491 | K19: 5 | L19: 2 | N19: 2727 | O19: 8349 | P19: 8971 | S19: =SUM(O19:R19) -> 17320 | Y19: 135 | AC19: 270 | AE19: =SUMIFS(инфо!$D$15:$D$28,инфо!$A$15:$A$28,F19) -> 1.03 | AF19: =IF(H19=0,0,N19/H19) -> 1.2339367 | AG19: =AF19-AE19 -> 0.20393665 | AH19: =SUMIFS(инфо!$E$15:$E$28,инфо!$A$15:$A$28,F19) -> 664 | AI19: =IF(H19=0,0,S19/H19) -> 7.8371041 | AJ19: =AI19-AH19 -> -656.1629 | AK19: =SUMIFS(инфо!$F$15:$F$28,инфо!$A$15:$A$28,F19) -> 103 | AL19: =IF(H19=0,0,Y19/H19) -> 0.061085973 | AM19: =AL19-AK19 -> -102.93891 | AN19: =SUMIFS(инфо!$G$15:$G$28,инфо!$A$15:$A$28,F19) -> 0.021 | AO19: =IF(H19=0,0,AA19/H19) -> 0 | AP19: =AO19-AN19 -> -0.021 | AQ19: =SUMIFS(инфо!$H$15:$H$28,инфо!$A$15:$A$28,F19) -> 0 | AR19: =IF(H19=0,0,AC19/H19) -> 0.12217195 | AS19: =AR19-AQ19 -> 0.12217195 | AT19: =SUMIFS(инфо!$I$15:$I$28,инфо!$A$15:$A$28,F19) -> 0.051 | AU19: =IF(H19=0,0,AD19/H19) -> 0 | AV19: =AU19-AT19 -> -0.051 | AX19: =SUMIFS(инфо!$C$15:$C$28,инфо!$A$15:$A$28,F19)*H19 -> 19249.1
A20: =A18+1 -> 46077 | B20: 0018 | C20: Линия 1 | D20: ночь | E20: Монаев | F20: РП половинка коричневый | G20: 32 | H20: 3403 | I20: =IFERROR(H20*VLOOKUP(F20,инфо!$A$15:$C$28,3,FALSE)/1000,0) -> 29.64013 | K20: 21 | L20: 3 | N20: 3243 | O20: 10902 | P20: 9629 | S20: =SUM(O20:R20) -> 20531 | Y20: 160 | AC20: 320 | AD20: 160 | AE20: =SUMIFS(инфо!$D$15:$D$28,инфо!$A$15:$A$28,F20) -> 1.03 | AF20: =IF(H20=0,0,N20/H20) -> 0.95298266 | AG20: =AF20-AE20 -> -0.077017338 | AH20: =SUMIFS(инфо!$E$15:$E$28,инфо!$A$15:$A$28,F20) -> 664 | AI20: =IF(H20=0,0,S20/H20) -> 6.033206 | AJ20: =AI20-AH20 -> -657.96679 | AK20: =SUMIFS(инфо!$F$15:$F$28,инфо!$A$15:$A$28,F20) -> 103 | AL20: =IF(H20=0,0,Y20/H20) -> 0.047017338 | AM20: =AL20-AK20 -> -102.95298 | AN20: =SUMIFS(инфо!$G$15:$G$28,инфо!$A$15:$A$28,F20) -> 0.021 | AO20: =IF(H20=0,0,AA20/H20) -> 0 | AP20: =AO20-AN20 -> -0.021 | AQ20: =SUMIFS(инфо!$H$15:$H$28,инфо!$A$15:$A$28,F20) -> 0 | AR20: =IF(H20=0,0,AC20/H20) -> 0.094034675 | AS20: =AR20-AQ20 -> 0.094034675 | AT20: =SUMIFS(инфо!$I$15:$I$28,инфо!$A$15:$A$28,F20) -> 0.051 | AU20: =IF(H20=0,0,AD20/H20) -> 0.047017338 | AV20: =AU20-AT20 -> -0.0039826624 | AX20: =SUMIFS(инфо!$C$15:$C$28,инфо!$A$15:$A$28,F20)*H20 -> 29640.13
A21: =A19+1 -> 46078 | B21: 0019 | C21: Линия 1 | D21: день | E21: Дауылбай | F21: РП половинка | G21: 5 | H21: 426 | I21: =IFERROR(H21*VLOOKUP(F21,инфо!$A$15:$C$28,3,FALSE)/1000,0) -> 3.71046 | J21: 1400 | K21: 5 | M21: 893 | N21: 503 | O21: 3203 | P21: 0 | S21: =SUM(O21:R21) -> 3203 | Y21: 25 | AC21: 50 | AE21: =SUMIFS(инфо!$D$15:$D$28,инфо!$A$15:$A$28,F21) -> 1.03 | AF21: =IF(H21=0,0,N21/H21) -> 1.1807512 | AG21: =AF21-AE21 -> 0.15075117 | AH21: =SUMIFS(инфо!$E$15:$E$28,инфо!$A$15:$A$28,F21) -> 664 | AI21: =IF(H21=0,0,S21/H21) -> 7.5187793 | AJ21: =AI21-AH21 -> -656.48122 | AK21: =SUMIFS(инфо!$F$15:$F$28,инфо!$A$15:$A$28,F21) -> 103 | AL21: =IF(H21=0,0,Y21/H21) -> 0.058685446 | AM21: =AL21-AK21 -> -102.94131 | AN21: =SUMIFS(инфо!$G$15:$G$28,инфо!$A$15:$A$28,F21) -> 0.021 | AO21: =IF(H21=0,0,AA21/H21) -> 0 | AP21: =AO21-AN21 -> -0.021 | AQ21: =SUMIFS(инфо!$H$15:$H$28,инфо!$A$15:$A$28,F21) -> 0 | AR21: =IF(H21=0,0,AC21/H21) -> 0.11737089 | AS21: =AR21-AQ21 -> 0.11737089 | AT21: =SUMIFS(инфо!$I$15:$I$28,инфо!$A$15:$A$28,F21) -> 0.051 | AU21: =IF(H21=0,0,AD21/H21) -> 0 | AV21: =AU21-AT21 -> -0.051 | AX21: =SUMIFS(инфо!$C$15:$C$28,инфо!$A$15:$A$28,F21)*H21 -> 3710.46
A22: =A20+1 -> 46078 | B22: 0020 | C22: Линия 1 | D22: ночь | E22: Султанулы | F22: РП половинка коричневый | G22: 22 | H22: 3310 | I22: =IFERROR(H22*VLOOKUP(F22,инфо!$A$15:$C$28,3,FALSE)/1000,0) -> 28.8301 | J22: 1200 | K22: 3 | L22: 1 | M22: 171 | N22: 2224 | O22: 10264 | P22: 4457 | S22: =SUM(O22:R22) -> 14721 | Y22: 198 | AC22: 220 | AE22: =SUMIFS(инфо!$D$15:$D$28,инфо!$A$15:$A$28,F22) -> 1.03 | AF22: =IF(H22=0,0,N22/H22) -> 0.67190332 | AG22: =AF22-AE22 -> -0.35809668 | AH22: =SUMIFS(инфо!$E$15:$E$28,инфо!$A$15:$A$28,F22) -> 664 | AI22: =IF(H22=0,0,S22/H22) -> 4.447432 | AJ22: =AI22-AH22 -> -659.55257 | AK22: =SUMIFS(инфо!$F$15:$F$28,инфо!$A$15:$A$28,F22) -> 103 | AL22: =IF(H22=0,0,Y22/H22) -> 0.059818731 | AM22: =AL22-AK22 -> -102.94018 | AN22: =SUMIFS(инфо!$G$15:$G$28,инфо!$A$15:$A$28,F22) -> 0.021 | AO22: =IF(H22=0,0,AA22/H22) -> 0 | AP22: =AO22-AN22 -> -0.021 | AQ22: =SUMIFS(инфо!$H$15:$H$28,инфо!$A$15:$A$28,F22) -> 0 | AR22: =IF(H22=0,0,AC22/H22) -> 0.066465257 | AS22: =AR22-AQ22 -> 0.066465257 | AT22: =SUMIFS(инфо!$I$15:$I$28,инфо!$A$15:$A$28,F22) -> 0.051 | AU22: =IF(H22=0,0,AD22/H22) -> 0 | AV22: =AU22-AT22 -> -0.051 | AX22: =SUMIFS(инфо!$C$15:$C$28,инфо!$A$15:$A$28,F22)*H22 -> 28830.1
A23: =A21+1 -> 46079 | B23: 0021 | C23: Линия 1 | D23: день | E23: Дауылбай | F23: РП половинка коричневый | G23: 21 | H23: 2530 | I23: =IFERROR(H23*VLOOKUP(F23,инфо!$A$15:$C$28,3,FALSE)/1000,0) -> 22.0363 | J23: 2200 | K23: 14 | L23: 2 | M23: 159 | N23: 2125 | O23: 6586 | P23: 7227 | S23: =SUM(O23:R23) -> 13813 | Y23: 189 | AC23: 210 | AD23: 30 | AE23: =SUMIFS(инфо!$D$15:$D$28,инфо!$A$15:$A$28,F23) -> 1.03 | AF23: =IF(H23=0,0,N23/H23) -> 0.83992095 | AG23: =AF23-AE23 -> -0.19007905 | AH23: =SUMIFS(инфо!$E$15:$E$28,инфо!$A$15:$A$28,F23) -> 664 | AI23: =IF(H23=0,0,S23/H23) -> 5.4596838 | AJ23: =AI23-AH23 -> -658.54032 | AK23: =SUMIFS(инфо!$F$15:$F$28,инфо!$A$15:$A$28,F23) -> 103 | AL23: =IF(H23=0,0,Y23/H23) -> 0.074703557 | AM23: =AL23-AK23 -> -102.9253 | AN23: =SUMIFS(инфо!$G$15:$G$28,инфо!$A$15:$A$28,F23) -> 0.021 | AO23: =IF(H23=0,0,AA23/H23) -> 0 | AP23: =AO23-AN23 -> -0.021 | AQ23: =SUMIFS(инфо!$H$15:$H$28,инфо!$A$15:$A$28,F23) -> 0 | AR23: =IF(H23=0,0,AC23/H23) -> 0.083003953 | AS23: =AR23-AQ23 -> 0.083003953 | AT23: =SUMIFS(инфо!$I$15:$I$28,инфо!$A$15:$A$28,F23) -> 0.051 | AU23: =IF(H23=0,0,AD23/H23) -> 0.011857708 | AV23: =AU23-AT23 -> -0.039142292 | AX23: =SUMIFS(инфо!$C$15:$C$28,инфо!$A$15:$A$28,F23)*H23 -> 22036.3
A24: =A22+1 -> 46079 | B24: 0022 | C24: Линия 1 | D24: ночь | E24: Султанулы | F24: РП половинка коричневый | G24: 32 | H24: 3595 | I24: =IFERROR(H24*VLOOKUP(F24,инфо!$A$15:$C$28,3,FALSE)/1000,0) -> 31.31245 | J24: 3400 | K24: 11 | L24: 1 | M24: 257 | N24: 3227 | O24: 10905 | P24: 9610 | S24: =SUM(O24:R24) -> 20515 | Y24: 270 | AC24: 320 | AD24: 160 | AE24: =SUMIFS(инфо!$D$15:$D$28,инфо!$A$15:$A$28,F24) -> 1.03 | AF24: =IF(H24=0,0,N24/H24) -> 0.89763561 | AG24: =AF24-AE24 -> -0.13236439 | AH24: =SUMIFS(инфо!$E$15:$E$28,инфо!$A$15:$A$28,F24) -> 664 | AI24: =IF(H24=0,0,S24/H24) -> 5.7065369 | AJ24: =AI24-AH24 -> -658.29346 | AK24: =SUMIFS(инфо!$F$15:$F$28,инфо!$A$15:$A$28,F24) -> 103 | AL24: =IF(H24=0,0,Y24/H24) -> 0.075104312 | AM24: =AL24-AK24 -> -102.9249 | AN24: =SUMIFS(инфо!$G$15:$G$28,инфо!$A$15:$A$28,F24) -> 0.021 | AO24: =IF(H24=0,0,AA24/H24) -> 0 | AP24: =AO24-AN24 -> -0.021 | AQ24: =SUMIFS(инфо!$H$15:$H$28,инфо!$A$15:$A$28,F24) -> 0 | AR24: =IF(H24=0,0,AC24/H24) -> 0.089012517 | AS24: =AR24-AQ24 -> 0.089012517 | AT24: =SUMIFS(инфо!$I$15:$I$28,инфо!$A$15:$A$28,F24) -> 0.051 | AU24: =IF(H24=0,0,AD24/H24) -> 0.044506259 | AV24: =AU24-AT24 -> -0.0064937413 | AX24: =SUMIFS(инфо!$C$15:$C$28,инфо!$A$15:$A$28,F24)*H24 -> 31312.45
A25: =A23+1 -> 46080 | B25: 0023 | C25: Линия 1 | D25: день | E25: Монаев | F25: плоский 10 | G25: 8 | H25: 204 | I25: =IFERROR(H25*VLOOKUP(F25,инфо!$A$15:$C$28,3,FALSE)/1000,0) -> 7.13796 | K25: 7 | L25: 7 | M25: 180 | N25: 812 | O25: 637 | P25: 4366 | S25: 5003 | AC25: 80 | AD25: 7 | AE25: =SUMIFS(инфо!$D$15:$D$28,инфо!$A$15:$A$28,F25) -> 414 | AF25: =IF(H25=0,0,N25/H25) -> 3.9803922 | AG25: =AF25-AE25 -> -410.01961 | AH25: =SUMIFS(инфо!$E$15:$E$28,инфо!$A$15:$A$28,F25) -> 26.73 | AI25: =IF(H25=0,0,S25/H25) -> 24.52451 | AJ25: =AI25-AH25 -> -2.2054902 | AK25: =SUMIFS(инфо!$F$15:$F$28,инфо!$A$15:$A$28,F25) -> 0.413 | AL25: =IF(H25=0,0,Y25/H25) -> 0 | AM25: =AL25-AK25 -> -0.413 | AN25: =SUMIFS(инфо!$G$15:$G$28,инфо!$A$15:$A$28,F25) -> 0 | AO25: =IF(H25=0,0,AA25/H25) -> 0 | AP25: =AO25-AN25 -> 0 | AQ25: =SUMIFS(инфо!$H$15:$H$28,инфо!$A$15:$A$28,F25) -> 0 | AR25: =IF(H25=0,0,AC25/H25) -> 0.39215686 | AS25: =AR25-AQ25 -> 0.39215686 | AT25: =SUMIFS(инфо!$I$15:$I$28,инфо!$A$15:$A$28,F25) -> 0.207 | AU25: =IF(H25=0,0,AD25/H25) -> 0.034313725 | AV25: =AU25-AT25 -> -0.17268627 | AX25: =SUMIFS(инфо!$C$15:$C$28,инфо!$A$15:$A$28,F25)*H25 -> 7137.96
A26: =A24+1 -> 46080 | B26: 0024 | C26: Линия 1 | D26: ночь | E26: Дауылбай | F26: плоский 10 | G26: 42 | H26: 1041 | I26: =IFERROR(H26*VLOOKUP(F26,инфо!$A$15:$C$28,3,FALSE)/1000,0) -> 36.42459 | J26: 650 | K26: 8 | L26: 2 | M26: 91 | N26: 4254 | O26: 10247 | P26: 16661 | S26: =SUM(O26:R26) -> 26908 | Y26: 378 | AC26: 420 | AD26: 205 | AE26: =SUMIFS(инфо!$D$15:$D$28,инфо!$A$15:$A$28,F26) -> 414 | AF26: =IF(H26=0,0,N26/H26) -> 4.0864553 | AG26: =AF26-AE26 -> -409.91354 | AH26: =SUMIFS(инфо!$E$15:$E$28,инфо!$A$15:$A$28,F26) -> 26.73 | AI26: =IF(H26=0,0,S26/H26) -> 25.848223 | AJ26: =AI26-AH26 -> -0.88177714 | AK26: =SUMIFS(инфо!$F$15:$F$28,инфо!$A$15:$A$28,F26) -> 0.413 | AL26: =IF(H26=0,0,Y26/H26) -> 0.36311239 | AM26: =AL26-AK26 -> -0.049887608 | AN26: =SUMIFS(инфо!$G$15:$G$28,инфо!$A$15:$A$28,F26) -> 0 | AO26: =IF(H26=0,0,AA26/H26) -> 0 | AP26: =AO26-AN26 -> 0 | AQ26: =SUMIFS(инфо!$H$15:$H$28,инфо!$A$15:$A$28,F26) -> 0 | AR26: =IF(H26=0,0,AC26/H26) -> 0.40345821 | AS26: =AR26-AQ26 -> 0.40345821 | AT26: =SUMIFS(инфо!$I$15:$I$28,инфо!$A$15:$A$28,F26) -> 0.207 | AU26: =IF(H26=0,0,AD26/H26) -> 0.19692603 | AV26: =AU26-AT26 -> -0.010073967 | AX26: =SUMIFS(инфо!$C$15:$C$28,инфо!$A$15:$A$28,F26)*H26 -> 36424.59
A27: =A25+1 -> 46081 | B27: 0025 | C27: Линия 1 | D27: день | E27: Бекбосынов | F27: плоский 10 | G27: 18 | H27: 799 | I27: =IFERROR(H27*VLOOKUP(F27,инфо!$A$15:$C$28,3,FALSE)/1000,0) -> 27.95701 | J27: 1000 | K27: 0 | L27: 2 | M27: 20 | N27: 3647 | O27: 11527 | P27: 11547 | S27: =SUM(O27:R27) -> 23074 | AC27: 360 | AD27: 180 | AE27: =SUMIFS(инфо!$D$15:$D$28,инфо!$A$15:$A$28,F27) -> 414 | AF27: =IF(H27=0,0,N27/H27) -> 4.5644556 | AG27: =AF27-AE27 -> -409.43554 | AH27: =SUMIFS(инфо!$E$15:$E$28,инфо!$A$15:$A$28,F27) -> 26.73 | AI27: =IF(H27=0,0,S27/H27) -> 28.878598 | AJ27: =AI27-AH27 -> 2.1485982 | AK27: =SUMIFS(инфо!$F$15:$F$28,инфо!$A$15:$A$28,F27) -> 0.413 | AL27: =IF(H27=0,0,Y27/H27) -> 0 | AM27: =AL27-AK27 -> -0.413 | AN27: =SUMIFS(инфо!$G$15:$G$28,инфо!$A$15:$A$28,F27) -> 0 | AO27: =IF(H27=0,0,AA27/H27) -> 0 | AP27: =AO27-AN27 -> 0 | AQ27: =SUMIFS(инфо!$H$15:$H$28,инфо!$A$15:$A$28,F27) -> 0 | AR27: =IF(H27=0,0,AC27/H27) -> 0.4505632 | AS27: =AR27-AQ27 -> 0.4505632 | AT27: =SUMIFS(инфо!$I$15:$I$28,инфо!$A$15:$A$28,F27) -> 0.207 | AU27: =IF(H27=0,0,AD27/H27) -> 0.2252816 | AV27: =AU27-AT27 -> 0.018281602 | AX27: =SUMIFS(инфо!$C$15:$C$28,инфо!$A$15:$A$28,F27)*H27 -> 27957.01
A28: =A26+1 -> 46081 | B28: 0026 | C28: Линия 1 | D28: ночь | E28: Монаев | F28: плоский 10 | G28: 21 | H28: 500 | I28: =IFERROR(H28*VLOOKUP(F28,инфо!$A$15:$C$28,3,FALSE)/1000,0) -> 17.495 | J28: 350 | K28: 1 | M28: 41 | N28: 2127 | O28: 6415 | P28: 7060 | S28: =SUM(O28:R28) -> 13475 | Y28: 189 | AC28: 210 | AD28: 10 | AE28: =SUMIFS(инфо!$D$15:$D$28,инфо!$A$15:$A$28,F28) -> 414 | AF28: =IF(H28=0,0,N28/H28) -> 4.254 | AG28: =AF28-AE28 -> -409.746 | AH28: =SUMIFS(инфо!$E$15:$E$28,инфо!$A$15:$A$28,F28) -> 26.73 | AI28: =IF(H28=0,0,S28/H28) -> 26.95 | AJ28: =AI28-AH28 -> 0.22 | AK28: =SUMIFS(инфо!$F$15:$F$28,инфо!$A$15:$A$28,F28) -> 0.413 | AL28: =IF(H28=0,0,Y28/H28) -> 0.378 | AM28: =AL28-AK28 -> -0.035 | AN28: =SUMIFS(инфо!$G$15:$G$28,инфо!$A$15:$A$28,F28) -> 0 | AO28: =IF(H28=0,0,AA28/H28) -> 0 | AP28: =AO28-AN28 -> 0 | AQ28: =SUMIFS(инфо!$H$15:$H$28,инфо!$A$15:$A$28,F28) -> 0 | AR28: =IF(H28=0,0,AC28/H28) -> 0.42 | AS28: =AR28-AQ28 -> 0.42 | AT28: =SUMIFS(инфо!$I$15:$I$28,инфо!$A$15:$A$28,F28) -> 0.207 | AU28: =IF(H28=0,0,AD28/H28) -> 0.02 | AV28: =AU28-AT28 -> -0.187 | AX28: =SUMIFS(инфо!$C$15:$C$28,инфо!$A$15:$A$28,F28)*H28 -> 17495
A29: =A27+1 -> 46082 | B29: 0027 | C29: Линия 1 | D29: день | E29: Султанулы | F29: плоский 10 | G29: 24 | H29: 580 | I29: =IFERROR(H29*VLOOKUP(F29,инфо!$A$15:$C$28,3,FALSE)/1000,0) -> 20.2942 | J29: 550 | K29: 15 | L29: 4 | M29: 128 | N29: 2412 | O29: 5770 | P29: 9619 | S29: =SUM(O29:R29) -> 15389 | Y29: 216 | AC29: 240 | AD29: 120 | AE29: =SUMIFS(инфо!$D$15:$D$28,инфо!$A$15:$A$28,F29) -> 414 | AF29: =IF(H29=0,0,N29/H29) -> 4.1586207 | AG29: =AF29-AE29 -> -409.84138 | AH29: =SUMIFS(инфо!$E$15:$E$28,инфо!$A$15:$A$28,F29) -> 26.73 | AI29: =IF(H29=0,0,S29/H29) -> 26.532759 | AJ29: =AI29-AH29 -> -0.19724138 | AK29: =SUMIFS(инфо!$F$15:$F$28,инфо!$A$15:$A$28,F29) -> 0.413 | AL29: =IF(H29=0,0,Y29/H29) -> 0.37241379 | AM29: =AL29-AK29 -> -0.040586207 | AN29: =SUMIFS(инфо!$G$15:$G$28,инфо!$A$15:$A$28,F29) -> 0 | AO29: =IF(H29=0,0,AA29/H29) -> 0 | AP29: =AO29-AN29 -> 0 | AQ29: =SUMIFS(инфо!$H$15:$H$28,инфо!$A$15:$A$28,F29) -> 0 | AR29: =IF(H29=0,0,AC29/H29) -> 0.4137931 | AS29: =AR29-AQ29 -> 0.4137931 | AT29: =SUMIFS(инфо!$I$15:$I$28,инфо!$A$15:$A$28,F29) -> 0.207 | AU29: =IF(H29=0,0,AD29/H29) -> 0.20689655 | AV29: =AU29-AT29 -> -0.00010344828 | AX29: =SUMIFS(инфо!$C$15:$C$28,инфо!$A$15:$A$28,F29)*H29 -> 20294.2
A30: =A28+1 -> 46082 | B30: 0028 | C30: Линия 1 | D30: ночь | E30: Бекбосынов | F30: плоский 10 | G30: 47 | H30: 1126 | I30: =IFERROR(H30*VLOOKUP(F30,инфо!$A$15:$C$28,3,FALSE)/1000,0) -> 39.39874 | J30: 1200 | K30: 6 | L30: 2 | M30: 86 | N30: 4737 | O30: 14773 | P30: 15399 | S30: =SUM(O30:R30) -> 30172 | Y30: 423 | AC30: 470 | AD30: 235 | AE30: =SUMIFS(инфо!$D$15:$D$28,инфо!$A$15:$A$28,F30) -> 414 | AF30: =IF(H30=0,0,N30/H30) -> 4.2069272 | AG30: =AF30-AE30 -> -409.79307 | AH30: =SUMIFS(инфо!$E$15:$E$28,инфо!$A$15:$A$28,F30) -> 26.73 | AI30: =IF(H30=0,0,S30/H30) -> 26.795737 | AJ30: =AI30-AH30 -> 0.065737123 | AK30: =SUMIFS(инфо!$F$15:$F$28,инфо!$A$15:$A$28,F30) -> 0.413 | AL30: =IF(H30=0,0,Y30/H30) -> 0.37566607 | AM30: =AL30-AK30 -> -0.037333925 | AN30: =SUMIFS(инфо!$G$15:$G$28,инфо!$A$15:$A$28,F30) -> 0 | AO30: =IF(H30=0,0,AA30/H30) -> 0 | AP30: =AO30-AN30 -> 0 | AQ30: =SUMIFS(инфо!$H$15:$H$28,инфо!$A$15:$A$28,F30) -> 0 | AR30: =IF(H30=0,0,AC30/H30) -> 0.41740675 | AS30: =AR30-AQ30 -> 0.41740675 | AT30: =SUMIFS(инфо!$I$15:$I$28,инфо!$A$15:$A$28,F30) -> 0.207 | AU30: =IF(H30=0,0,AD30/H30) -> 0.20870337 | AV30: =AU30-AT30 -> 0.0017033748 | AX30: =SUMIFS(инфо!$C$15:$C$28,инфо!$A$15:$A$28,F30)*H30 -> 39398.74
A31: =A29+1 -> 46083 | B31: 0029 | C31: Линия 1 | D31: день | E31: Дауылбай | F31: плоский 10 | G31: 30 | H31: 810 | I31: =IFERROR(H31*VLOOKUP(F31,инфо!$A$15:$C$28,3,FALSE)/1000,0) -> 28.3419 | J31: 1000 | K31: 3 | M31: 136 | N31: 3035 | O31: 8337 | P31: 10896 | S31: =SUM(O31:R31) -> 19233 | Y31: 54 | AC31: 290 | AD31: 140 | AE31: =SUMIFS(инфо!$D$15:$D$28,инфо!$A$15:$A$28,F31) -> 414 | AF31: =IF(H31=0,0,N31/H31) -> 3.7469136 | AG31: =AF31-AE31 -> -410.25309 | AH31: =SUMIFS(инфо!$E$15:$E$28,инфо!$A$15:$A$28,F31) -> 26.73 | AI31: =IF(H31=0,0,S31/H31) -> 23.744444 | AJ31: =AI31-AH31 -> -2.9855556 | AK31: =SUMIFS(инфо!$F$15:$F$28,инфо!$A$15:$A$28,F31) -> 0.413 | AL31: =IF(H31=0,0,Y31/H31) -> 0.066666667 | AM31: =AL31-AK31 -> -0.34633333 | AN31: =SUMIFS(инфо!$G$15:$G$28,инфо!$A$15:$A$28,F31) -> 0 | AO31: =IF(H31=0,0,AA31/H31) -> 0 | AP31: =AO31-AN31 -> 0 | AQ31: =SUMIFS(инфо!$H$15:$H$28,инфо!$A$15:$A$28,F31) -> 0 | AR31: =IF(H31=0,0,AC31/H31) -> 0.35802469 | AS31: =AR31-AQ31 -> 0.35802469 | AT31: =SUMIFS(инфо!$I$15:$I$28,инфо!$A$15:$A$28,F31) -> 0.207 | AU31: =IF(H31=0,0,AD31/H31) -> 0.17283951 | AV31: =AU31-AT31 -> -0.034160494 | AX31: =SUMIFS(инфо!$C$15:$C$28,инфо!$A$15:$A$28,F31)*H31 -> 28341.9
A32: 46083 | B32: нет | C32: Линия 1 | D32: ночь | E32: Султанулы | F32: плоский 10 | G32: 0 | H32: 0 | I32: =IFERROR(H32*VLOOKUP(F32,инфо!$A$15:$C$28,3,FALSE)/1000,0) -> 0 | J32: 300 | K32: 7 | L32: 1 | S32: =SUM(O32:R32) -> 0 | AE32: =SUMIFS(инфо!$D$15:$D$28,инфо!$A$15:$A$28,F32) -> 414 | AF32: =IF(H32=0,0,N32/H32) -> 0 | AG32: =AF32-AE32 -> -414 | AH32: =SUMIFS(инфо!$E$15:$E$28,инфо!$A$15:$A$28,F32) -> 26.73 | AI32: =IF(H32=0,0,S32/H32) -> 0 | AJ32: =AI32-AH32 -> -26.73 | AK32: =SUMIFS(инфо!$F$15:$F$28,инфо!$A$15:$A$28,F32) -> 0.413 | AL32: =IF(H32=0,0,Y32/H32) -> 0 | AM32: =AL32-AK32 -> -0.413 | AN32: =SUMIFS(инфо!$G$15:$G$28,инфо!$A$15:$A$28,F32) -> 0 | AO32: =IF(H32=0,0,AA32/H32) -> 0 | AP32: =AO32-AN32 -> 0 | AQ32: =SUMIFS(инфо!$H$15:$H$28,инфо!$A$15:$A$28,F32) -> 0 | AR32: =IF(H32=0,0,AC32/H32) -> 0 | AS32: =AR32-AQ32 -> 0 | AT32: =SUMIFS(инфо!$I$15:$I$28,инфо!$A$15:$A$28,F32) -> 0.207 | AU32: =IF(H32=0,0,AD32/H32) -> 0 | AV32: =AU32-AT32 -> -0.207 | AX32: =SUMIFS(инфо!$C$15:$C$28,инфо!$A$15:$A$28,F32)*H32 -> 0
A33: =A31+1 -> 46084 | B33: 0030 | C33: Линия 1 | D33: день | E33: Монаев | F33: плоский 10 | G33: 16 | H33: 420 | I33: =IFERROR(H33*VLOOKUP(F33,инфо!$A$15:$C$28,3,FALSE)/1000,0) -> 14.6958 | M33: 74 | N33: 1609 | O33: 3675 | P33: 6284 | S33: =SUM(O33:R33) -> 9959 | Y33: 135 | AC33: 30 | AD33: 80 | AE33: =SUMIFS(инфо!$D$15:$D$28,инфо!$A$15:$A$28,F33) -> 414 | AF33: =IF(H33=0,0,N33/H33) -> 3.8309524 | AG33: =AF33-AE33 -> -410.16905 | AH33: =SUMIFS(инфо!$E$15:$E$28,инфо!$A$15:$A$28,F33) -> 26.73 | AI33: =IF(H33=0,0,S33/H33) -> 23.711905 | AJ33: =AI33-AH33 -> -3.0180952 | AK33: =SUMIFS(инфо!$F$15:$F$28,инфо!$A$15:$A$28,F33) -> 0.413 | AL33: =IF(H33=0,0,Y33/H33) -> 0.32142857 | AM33: =AL33-AK33 -> -0.091571429 | AN33: =SUMIFS(инфо!$G$15:$G$28,инфо!$A$15:$A$28,F33) -> 0 | AO33: =IF(H33=0,0,AA33/H33) -> 0 | AP33: =AO33-AN33 -> 0 | AQ33: =SUMIFS(инфо!$H$15:$H$28,инфо!$A$15:$A$28,F33) -> 0 | AR33: =IF(H33=0,0,AC33/H33) -> 0.071428571 | AS33: =AR33-AQ33 -> 0.071428571 | AT33: =SUMIFS(инфо!$I$15:$I$28,инфо!$A$15:$A$28,F33) -> 0.207 | AU33: =IF(H33=0,0,AD33/H33) -> 0.19047619 | AV33: =AU33-AT33 -> -0.01652381 | AX33: =SUMIFS(инфо!$C$15:$C$28,инфо!$A$15:$A$28,F33)*H33 -> 14695.8
A34: =A32+1 -> 46084 | B34: 0031 | C34: Линия 1 | D34: ночь | E34: Дауылбай | F34: плоский 10 | G34: 14 | H34: 330 | I34: =IFERROR(H34*VLOOKUP(F34,инфо!$A$15:$C$28,3,FALSE)/1000,0) -> 11.5467 | J34: 300 | M34: 111 | N34: 1411 | O34: 4479 | P34: 4484 | S34: =SUM(O34:R34) -> 8963 | T34: 100 | U34: 640 | Y34: 126 | AC34: 140 | AD34: 70 | AE34: =SUMIFS(инфо!$D$15:$D$28,инфо!$A$15:$A$28,F34) -> 414 | AF34: =IF(H34=0,0,N34/H34) -> 4.2757576 | AG34: =AF34-AE34 -> -409.72424 | AH34: =SUMIFS(инфо!$E$15:$E$28,инфо!$A$15:$A$28,F34) -> 26.73 | AI34: =IF(H34=0,0,S34/H34) -> 27.160606 | AJ34: =AI34-AH34 -> 0.43060606 | AK34: =SUMIFS(инфо!$F$15:$F$28,инфо!$A$15:$A$28,F34) -> 0.413 | AL34: =IF(H34=0,0,Y34/H34) -> 0.38181818 | AM34: =AL34-AK34 -> -0.031181818 | AN34: =SUMIFS(инфо!$G$15:$G$28,инфо!$A$15:$A$28,F34) -> 0 | AO34: =IF(H34=0,0,AA34/H34) -> 0 | AP34: =AO34-AN34 -> 0 | AQ34: =SUMIFS(инфо!$H$15:$H$28,инфо!$A$15:$A$28,F34) -> 0 | AR34: =IF(H34=0,0,AC34/H34) -> 0.42424242 | AS34: =AR34-AQ34 -> 0.42424242 | AT34: =SUMIFS(инфо!$I$15:$I$28,инфо!$A$15:$A$28,F34) -> 0.207 | AU34: =IF(H34=0,0,AD34/H34) -> 0.21212121 | AV34: =AU34-AT34 -> 0.0051212121 | AX34: =SUMIFS(инфо!$C$15:$C$28,инфо!$A$15:$A$28,F34)*H34 -> 11546.7
A35: =A33+1 -> 46085 | B35: 0032 | C35: Линия 1 | D35: день | E35: Бекбосынов | F35: плоский 10 | G35: 9 | H35: 200 | I35: =IFERROR(H35*VLOOKUP(F35,инфо!$A$15:$C$28,3,FALSE)/1000,0) -> 6.998 | K35: 4 | M35: 13 | N35: 909 | O35: 5118 | P35: 639 | S35: =SUM(O35:R35) -> 5757 | Y35: 81 | AC35: 90 | AD35: 45 | AE35: =SUMIFS(инфо!$D$15:$D$28,инфо!$A$15:$A$28,F35) -> 414 | AF35: =IF(H35=0,0,N35/H35) -> 4.545 | AG35: =AF35-AE35 -> -409.455 | AH35: =SUMIFS(инфо!$E$15:$E$28,инфо!$A$15:$A$28,F35) -> 26.73 | AI35: =IF(H35=0,0,S35/H35) -> 28.785 | AJ35: =AI35-AH35 -> 2.055 | AK35: =SUMIFS(инфо!$F$15:$F$28,инфо!$A$15:$A$28,F35) -> 0.413 | AL35: =IF(H35=0,0,Y35/H35) -> 0.405 | AM35: =AL35-AK35 -> -0.008 | AN35: =SUMIFS(инфо!$G$15:$G$28,инфо!$A$15:$A$28,F35) -> 0 | AO35: =IF(H35=0,0,AA35/H35) -> 0 | AP35: =AO35-AN35 -> 0 | AQ35: =SUMIFS(инфо!$H$15:$H$28,инфо!$A$15:$A$28,F35) -> 0 | AR35: =IF(H35=0,0,AC35/H35) -> 0.45 | AS35: =AR35-AQ35 -> 0.45 | AT35: =SUMIFS(инфо!$I$15:$I$28,инфо!$A$15:$A$28,F35) -> 0.207 | AU35: =IF(H35=0,0,AD35/H35) -> 0.225 | AV35: =AU35-AT35 -> 0.018 | AX35: =SUMIFS(инфо!$C$15:$C$28,инфо!$A$15:$A$28,F35)*H35 -> 6998
A36: =A34+1 -> 46085 | B36: 0033 | C36: Линия 1 | D36: ночь | E36: Монаев | F36: плоский 10 | G36: 23 | H36: 600 | I36: =IFERROR(H36*VLOOKUP(F36,инфо!$A$15:$C$28,3,FALSE)/1000,0) -> 20.994 | J36: 300 | M36: 72 | N36: 2321 | O36: 3834 | P36: 10887 | S36: =SUM(O36:R36) -> 14721 | Y36: 155 | AC36: 230 | AD36: 115 | AE36: =SUMIFS(инфо!$D$15:$D$28,инфо!$A$15:$A$28,F36) -> 414 | AF36: =IF(H36=0,0,N36/H36) -> 3.8683333 | AG36: =AF36-AE36 -> -410.13167 | AH36: =SUMIFS(инфо!$E$15:$E$28,инфо!$A$15:$A$28,F36) -> 26.73 | AI36: =IF(H36=0,0,S36/H36) -> 24.535 | AJ36: =AI36-AH36 -> -2.195 | AK36: =SUMIFS(инфо!$F$15:$F$28,инфо!$A$15:$A$28,F36) -> 0.413 | AL36: =IF(H36=0,0,Y36/H36) -> 0.25833333 | AM36: =AL36-AK36 -> -0.15466667 | AN36: =SUMIFS(инфо!$G$15:$G$28,инфо!$A$15:$A$28,F36) -> 0 | AO36: =IF(H36=0,0,AA36/H36) -> 0 | AP36: =AO36-AN36 -> 0 | AQ36: =SUMIFS(инфо!$H$15:$H$28,инфо!$A$15:$A$28,F36) -> 0 | AR36: =IF(H36=0,0,AC36/H36) -> 0.38333333 | AS36: =AR36-AQ36 -> 0.38333333 | AT36: =SUMIFS(инфо!$I$15:$I$28,инфо!$A$15:$A$28,F36) -> 0.207 | AU36: =IF(H36=0,0,AD36/H36) -> 0.19166667 | AV36: =AU36-AT36 -> -0.015333333 | AX36: =SUMIFS(инфо!$C$15:$C$28,инфо!$A$15:$A$28,F36)*H35 -> 6998
A37: =A35+1 -> 46086 | B37: 0034 | C37: Линия 1 | D37: день | E37: Султанулы | F37: плоский 10 | G37: 11 | H37: 214 | I37: =IFERROR(H37*VLOOKUP(F37,инфо!$A$15:$C$28,3,FALSE)/1000,0) -> 7.48786 | J37: 400 | K37: 2 | L37: 1 | M37: 25 | N37: 1113 | O37: 1279 | P37: 5762 | S37: =SUM(O37:R37) -> 7041 | T37: 55 | Y37: 110 | AC37: 110 | AE37: =SUMIFS(инфо!$D$15:$D$28,инфо!$A$15:$A$28,F37) -> 414 | AF37: =IF(H37=0,0,N37/H37) -> 5.2009346 | AG37: =AF37-AE37 -> -408.79907 | AH37: =SUMIFS(инфо!$E$15:$E$28,инфо!$A$15:$A$28,F37) -> 26.73 | AI37: =IF(H37=0,0,S37/H37) -> 32.901869 | AJ37: =AI37-AH37 -> 6.1718692 | AK37: =SUMIFS(инфо!$F$15:$F$28,инфо!$A$15:$A$28,F37) -> 0.413 | AL37: =IF(H37=0,0,Y37/H37) -> 0.51401869 | AM37: =AL37-AK37 -> 0.10101869 | AN37: =SUMIFS(инфо!$G$15:$G$28,инфо!$A$15:$A$28,F37) -> 0 | AO37: =IF(H37=0,0,AA37/H37) -> 0 | AP37: =AO37-AN37 -> 0 | AQ37: =SUMIFS(инфо!$H$15:$H$28,инфо!$A$15:$A$28,F37) -> 0 | AR37: =IF(H36=0,0,AC37/H36) -> 0.18333333 | AS37: =AR37-AQ37 -> 0.18333333 | AT37: =SUMIFS(инфо!$I$15:$I$28,инфо!$A$15:$A$28,F37) -> 0.207 | AU37: =IF(H37=0,0,AD37/H37) -> 0 | AV37: =AU37-AT37 -> -0.207 | AX37: =SUMIFS(инфо!$C$15:$C$28,инфо!$A$15:$A$28,F37)*H36 -> 20994
A38: 46087 | B38: 0035 | C38: Линия 1 | D38: день | E38: Дауылбай | F38: плоский 10 | G38: 25 | H38: 590 | I38: =IFERROR(H38*VLOOKUP(F38,инфо!$A$15:$C$28,3,FALSE)/1000,0) -> 20.6441 | J38: 550 | M38: 170 | N38: 2644 | P38: 15653 | S38: =SUM(O38:R38) -> 15653 | Y38: 250 | AC38: 250 | AD38: 125 | AE38: =SUMIFS(инфо!$D$15:$D$28,инфо!$A$15:$A$28,F38) -> 414 | AF38: =IF(H38=0,0,N38/H38) -> 4.4813559 | AG38: =AF38-AE38 -> -409.51864 | AH38: =SUMIFS(инфо!$E$15:$E$28,инфо!$A$15:$A$28,F38) -> 26.73 | AI38: =IF(H38=0,0,S38/H38) -> 26.530508 | AJ38: =AI38-AH38 -> -0.19949153 | AK38: =SUMIFS(инфо!$F$15:$F$28,инфо!$A$15:$A$28,F38) -> 0.413 | AL38: =IF(H38=0,0,Y38/H38) -> 0.42372881 | AM38: =AL38-AK38 -> 0.010728814 | AN38: =SUMIFS(инфо!$G$15:$G$28,инфо!$A$15:$A$28,F38) -> 0 | AO38: =IF(H38=0,0,AA38/H38) -> 0 | AP38: =AO38-AN38 -> 0 | AQ38: =SUMIFS(инфо!$H$15:$H$28,инфо!$A$15:$A$28,F38) -> 0 | AR38: =IF(H37=0,0,AC38/H37) -> 1.1682243 | AS38: =AR38-AQ38 -> 1.1682243 | AT38: =SUMIFS(инфо!$I$15:$I$28,инфо!$A$15:$A$28,F38) -> 0.207 | AU38: =IF(H38=0,0,AD38/H38) -> 0.21186441 | AV38: =AU38-AT38 -> 0.0048644068 | AX38: =SUMIFS(инфо!$C$15:$C$28,инфо!$A$15:$A$28,F38)*H37 -> 7487.86
A39: =A37+1 -> 46087 | B39: 0036 | C39: Линия 1 | D39: ночь | E39: Султанулы | F39: плоский 10 | G39: 43 | H39: 1045 | I39: =IFERROR(H39*VLOOKUP(F39,инфо!$A$15:$C$28,3,FALSE)/1000,0) -> 36.56455 | J39: 950 | K39: 1 | M39: 765 | N39: 4340 | O39: 27583 | S39: =SUM(O39:R39) -> 27583 | Y39: 430 | AC39: 430 | AD39: 215 | AE39: =SUMIFS(инфо!$D$15:$D$28,инфо!$A$15:$A$28,F39) -> 414 | AF39: =IF(H39=0,0,N39/H39) -> 4.15311 | AG39: =AF39-AE39 -> -409.84689 | AH39: =SUMIFS(инфо!$E$15:$E$28,инфо!$A$15:$A$28,F39) -> 26.73 | AI39: =IF(H39=0,0,S39/H39) -> 26.395215 | AJ39: =AI39-AH39 -> -0.33478469 | AK39: =SUMIFS(инфо!$F$15:$F$28,инфо!$A$15:$A$28,F39) -> 0.413 | AL39: =IF(H39=0,0,Y39/H39) -> 0.41148325 | AM39: =AL39-AK39 -> -0.0015167464 | AN39: =SUMIFS(инфо!$G$15:$G$28,инфо!$A$15:$A$28,F39) -> 0 | AO39: =IF(H39=0,0,AA39/H39) -> 0 | AP39: =AO39-AN39 -> 0 | AQ39: =SUMIFS(инфо!$H$15:$H$28,инфо!$A$15:$A$28,F39) -> 0 | AR39: =IF(H38=0,0,AC39/H38) -> 0.72881356 | AS39: =AR39-AQ39 -> 0.72881356 | AT39: =SUMIFS(инфо!$I$15:$I$28,инфо!$A$15:$A$28,F39) -> 0.207 | AU39: =IF(H39=0,0,AD39/H39) -> 0.20574163 | AV39: =AU39-AT39 -> -0.0012583732 | AX39: =SUMIFS(инфо!$C$15:$C$28,инфо!$A$15:$A$28,F39)*H38 -> 20644.1
A40: =A38+1 -> 46088 | B40: 0037 | C40: Линия 1 | D40: день | E40: Монаев | F40: плоский 8 | G40: 34 | H40: 960 | I40: =IFERROR(H40*VLOOKUP(F40,инфо!$A$15:$C$28,3,FALSE)/1000,0) -> 26.8704 | J40: 900 | L40: 4 | M40: 39 | N40: 3447 | P40: 21822 | S40: =SUM(O40:R40) -> 21822 | Y40: 340 | AC40: 340 | AD40: 170 | AE40: =SUMIFS(инфо!$D$15:$D$28,инфо!$A$15:$A$28,F40) -> 3.31 | AF40: =IF(H40=0,0,N40/H40) -> 3.590625 | AG40: =AF40-AE40 -> 0.280625 | AH40: =SUMIFS(инфо!$E$15:$E$28,инфо!$A$15:$A$28,F40) -> 2138 | AI40: =IF(H40=0,0,S40/H40) -> 22.73125 | AJ40: =AI40-AH40 -> -2115.2688 | AK40: =SUMIFS(инфо!$F$15:$F$28,инфо!$A$15:$A$28,F40) -> 0.331 | AL40: =IF(H40=0,0,Y40/H40) -> 0.35416667 | AM40: =AL40-AK40 -> 0.023166667 | AN40: =SUMIFS(инфо!$G$15:$G$28,инфо!$A$15:$A$28,F40) -> 0 | AO40: =IF(H40=0,0,AA40/H40) -> 0 | AP40: =AO40-AN40 -> 0 | AQ40: =SUMIFS(инфо!$H$15:$H$28,инфо!$A$15:$A$28,F40) -> 0 | AR40: =IF(H39=0,0,AC40/H39) -> 0.32535885 | AS40: =AR40-AQ40 -> 0.32535885 | AT40: =SUMIFS(инфо!$I$15:$I$28,инфо!$A$15:$A$28,F40) -> 0.165 | AU40: =IF(H40=0,0,AD40/H40) -> 0.17708333 | AV40: =AU40-AT40 -> 0.012083333 | AX40: =SUMIFS(инфо!$C$15:$C$28,инфо!$A$15:$A$28,F40)*H39 -> 29249.55
A41: =A39+1 -> 46088 | B41: 0038 | C41: Линия 1 | D41: ночь | E41: Дауылбай | F41: плоский 8 | G41: 35 | H41: 1065 | I41: =IFERROR(H41*VLOOKUP(F41,инфо!$A$15:$C$28,3,FALSE)/1000,0) -> 29.80935 | J41: 1100 | K41: 1 | M41: 145 | N41: 3565 | P41: 22456 | S41: =SUM(O41:R41) -> 22456 | Y41: 350 | AC41: 350 | AD41: 175 | AE41: =SUMIFS(инфо!$D$15:$D$28,инфо!$A$15:$A$28,F41) -> 3.31 | AF41: =IF(H41=0,0,N41/H41) -> 3.3474178 | AG41: =AF41-AE41 -> 0.03741784 | AH41: =SUMIFS(инфо!$E$15:$E$28,инфо!$A$15:$A$28,F41) -> 2138 | AI41: =IF(H41=0,0,S41/H41) -> 21.085446 | AJ41: =AI41-AH41 -> -2116.9146 | AK41: =SUMIFS(инфо!$F$15:$F$28,инфо!$A$15:$A$28,F41) -> 0.331 | AL41: =IF(H41=0,0,Y41/H41) -> 0.3286385 | AM41: =AL41-AK41 -> -0.0023615023 | AN41: =SUMIFS(инфо!$G$15:$G$28,инфо!$A$15:$A$28,F41) -> 0 | AO41: =IF(H41=0,0,AA41/H41) -> 0 | AP41: =AO41-AN41 -> 0 | AQ41: =SUMIFS(инфо!$H$15:$H$28,инфо!$A$15:$A$28,F41) -> 0 | AR41: =IF(H40=0,0,AC41/H40) -> 0.36458333 | AS41: =AR41-AQ41 -> 0.36458333 | AT41: =SUMIFS(инфо!$I$15:$I$28,инфо!$A$15:$A$28,F41) -> 0.165 | AU41: =IF(H41=0,0,AD41/H41) -> 0.16431925 | AV41: =AU41-AT41 -> -0.00068075117 | AX41: =SUMIFS(инфо!$C$15:$C$28,инфо!$A$15:$A$28,F41)*H40 -> 26870.4
A42: =A40+1 -> 46089 | B42: 0039 | C42: Линия 1 | D42: день | E42: Бекбосынов | F42: плоский 8 | G42: 20 | H42: 700 | I42: =IFERROR(H42*VLOOKUP(F42,инфо!$A$15:$C$28,3,FALSE)/1000,0) -> 19.593 | J42: 1400 | K42: 3 | M42: 26 | N42: 2018 | O42: 8968 | P42: 3850 | S42: =SUM(O42:R42) -> 12818 | Y42: 200 | AC42: 200 | AD42: 100 | AE42: =SUMIFS(инфо!$D$15:$D$28,инфо!$A$15:$A$28,F42) -> 3.31 | AF42: =IF(H42=0,0,N42/H42) -> 2.8828571 | AG42: =AF42-AE42 -> -0.42714286 | AH42: =SUMIFS(инфо!$E$15:$E$28,инфо!$A$15:$A$28,F42) -> 2138 | AI42: =IF(H42=0,0,S42/H42) -> 18.311429 | AJ42: =AI42-AH42 -> -2119.6886 | AK42: =SUMIFS(инфо!$F$15:$F$28,инфо!$A$15:$A$28,F42) -> 0.331 | AL42: =IF(H42=0,0,Y42/H42) -> 0.28571429 | AM42: =AL42-AK42 -> -0.045285714 | AN42: =SUMIFS(инфо!$G$15:$G$28,инфо!$A$15:$A$28,F42) -> 0 | AO42: =IF(H42=0,0,AA42/H42) -> 0 | AP42: =AO42-AN42 -> 0 | AQ42: =SUMIFS(инфо!$H$15:$H$28,инфо!$A$15:$A$28,F42) -> 0 | AR42: =IF(H41=0,0,AC42/H41) -> 0.18779343 | AS42: =AR42-AQ42 -> 0.18779343 | AT42: =SUMIFS(инфо!$I$15:$I$28,инфо!$A$15:$A$28,F42) -> 0.165 | AU42: =IF(H42=0,0,AD42/H42) -> 0.14285714 | AV42: =AU42-AT42 -> -0.022142857 | AX42: =SUMIFS(инфо!$C$15:$C$28,инфо!$A$15:$A$28,F42)*H41 -> 29809.35
A43: =A41+1 -> 46089 | B43: 0040 | C43: Линия 1 | D43: ночь | E43: Монаев | F43: плоский 8 | G43: 23 | H43: 672 | I43: =IFERROR(H43*VLOOKUP(F43,инфо!$A$15:$C$28,3,FALSE)/1000,0) -> 18.80928 | J43: 900 | K43: 1 | M43: 38 | N43: 3389 | O43: 21744 | S43: =SUM(O43:R43) -> 21744 | Y43: 300 | AC43: 230 | AD43: 170 | AE43: =SUMIFS(инфо!$D$15:$D$28,инфо!$A$15:$A$28,F43) -> 3.31 | AF43: =IF(H43=0,0,N43/H43) -> 5.0431548 | AG43: =AF43-AE43 -> 1.7331548 | AH43: =SUMIFS(инфо!$E$15:$E$28,инфо!$A$15:$A$28,F43) -> 2138 | AI43: =IF(H43=0,0,S43/H43) -> 32.357143 | AJ43: =AI43-AH43 -> -2105.6429 | AK43: =SUMIFS(инфо!$F$15:$F$28,инфо!$A$15:$A$28,F43) -> 0.331 | AL43: =IF(H43=0,0,Y43/H43) -> 0.44642857 | AM43: =AL43-AK43 -> 0.11542857 | AN43: =SUMIFS(инфо!$G$15:$G$28,инфо!$A$15:$A$28,F43) -> 0 | AO43: =IF(H43=0,0,AA43/H43) -> 0 | AP43: =AO43-AN43 -> 0 | AQ43: =SUMIFS(инфо!$H$15:$H$28,инфо!$A$15:$A$28,F43) -> 0 | AR43: =IF(H42=0,0,AC43/H42) -> 0.32857143 | AS43: =AR43-AQ43 -> 0.32857143 | AT43: =SUMIFS(инфо!$I$15:$I$28,инфо!$A$15:$A$28,F43) -> 0.165 | AU43: =IF(H43=0,0,AD43/H43) -> 0.25297619 | AV43: =AU43-AT43 -> 0.08797619 | AX43: =SUMIFS(инфо!$C$15:$C$28,инфо!$A$15:$A$28,F43)*H42 -> 19593
A44: 46089 | B44: 0040 | C44: Линия 1 | D44: ночь | E44: Монаев | F44: плоский 6 | G44: 11 | H44: 500 | I44: =IFERROR(H44*VLOOKUP(F44,инфо!$A$15:$C$28,3,FALSE)/1000,0) -> 10.5 | AC44: 110 | AF44: =IF(H44=0,0,N44/H44) -> 0 | AI44: =IF(H44=0,0,S44/H44) -> 0 | AL44: =IF(H44=0,0,Y44/H44) -> 0 | AO44: =IF(H44=0,0,AA44/H44) -> 0 | AU44: =IF(H44=0,0,AD44/H44) -> 0
A45: =A42+1 -> 46090 | B45: 0042 | C45: Линия 1 | D45: день | E45: Султанулы | F45: плоский 6 | G45: 27 | H45: 890 | I45: =IFERROR(H45*VLOOKUP(F45,инфо!$A$15:$C$28,3,FALSE)/1000,0) -> 18.69 | J45: 800 | K45: 1 | L45: 3 | M45: 137 | N45: 2701 | O45: 17282 | S45: =SUM(O45:R45) -> 17282 | T45: 135 | Y45: 220 | AC45: 270 | AE45: =SUMIFS(инфо!$D$15:$D$28,инфо!$A$15:$A$28,F45) -> 2.48 | AF45: =IF(H45=0,0,N45/H45) -> 3.0348315 | AG45: =AF45-AE45 -> 0.55483146 | AH45: =SUMIFS(инфо!$E$15:$E$28,инфо!$A$15:$A$28,F45) -> 16.04 | AI45: =IF(H45=0,0,S45/H45) -> 19.417978 | AJ45: =AI45-AH45 -> 3.3779775 | AK45: =SUMIFS(инфо!$F$15:$F$28,инфо!$A$15:$A$28,F45) -> 0.248 | AL45: =IF(H45=0,0,Y45/H45) -> 0.24719101 | AM45: =AL45-AK45 -> -0.00080898876 | AN45: =SUMIFS(инфо!$G$15:$G$28,инфо!$A$15:$A$28,F45) -> 0 | AO45: =IF(H45=0,0,AA45/H45) -> 0 | AP45: =AO45-AN45 -> 0 | AQ45: =SUMIFS(инфо!$H$15:$H$28,инфо!$A$15:$A$28,F45) -> 0 | AR45: =IF(H43=0,0,AC45/H43) -> 0.40178571 | AS45: =AR45-AQ45 -> 0.40178571 | AT45: =SUMIFS(инфо!$I$15:$I$28,инфо!$A$15:$A$28,F45) -> 0.124 | AU45: =IF(H45=0,0,AD45/H45) -> 0 | AV45: =AU45-AT45 -> -0.124 | AX45: =SUMIFS(инфо!$C$15:$C$28,инфо!$A$15:$A$28,F45)*H43 -> 14112
A46: =A43+1 -> 46090 | B46: 0042 | C46: Линия 1 | D46: ночь | E46: Бекбосынов | F46: плоский 6 | G46: 20 | H46: 706 | I46: =IFERROR(H46*VLOOKUP(F46,инфо!$A$15:$C$28,3,FALSE)/1000,0) -> 14.826 | J46: 800 | K46: 17 | L46: 12 | M46: 89 | N46: 2010 | O46: 12180 | P46: 639 | S46: =SUM(O46:R46) -> 12819 | Y46: 200 | AC46: 200 | AD46: 100 | AE46: =SUMIFS(инфо!$D$15:$D$28,инфо!$A$15:$A$28,F46) -> 2.48 | AF46: =IF(H46=0,0,N46/H46) -> 2.8470255 | AG46: =AF46-AE46 -> 0.3670255 | AH46: =SUMIFS(инфо!$E$15:$E$28,инфо!$A$15:$A$28,F46) -> 16.04 | AI46: =IF(H46=0,0,S46/H46) -> 18.157224 | AJ46: =AI46-AH46 -> 2.1172238 | AK46: =SUMIFS(инфо!$F$15:$F$28,инфо!$A$15:$A$28,F46) -> 0.248 | AL46: =IF(H46=0,0,Y46/H46) -> 0.28328612 | AM46: =AL46-AK46 -> 0.035286119 | AN46: =SUMIFS(инфо!$G$15:$G$28,инфо!$A$15:$A$28,F46) -> 0 | AO46: =IF(H46=0,0,AA46/H46) -> 0 | AP46: =AO46-AN46 -> 0 | AQ46: =SUMIFS(инфо!$H$15:$H$28,инфо!$A$15:$A$28,F46) -> 0 | AR46: =IF(H45=0,0,AC46/H45) -> 0.2247191 | AS46: =AR46-AQ46 -> 0.2247191 | AT46: =SUMIFS(инфо!$I$15:$I$28,инфо!$A$15:$A$28,F46) -> 0.124 | AU46: =IF(H46=0,0,AD46/H46) -> 0.14164306 | AV46: =AU46-AT46 -> 0.017643059 | AX46: =SUMIFS(инфо!$C$15:$C$28,инфо!$A$15:$A$28,F46)*H45 -> 18690
A47: =A45+1 -> 46091 | B47: 0043 | C47: Линия 1 | D47: ночь | E47: Султанулы | F47: плоский 10 | G47: 18 | H47: 370 | I47: =IFERROR(H47*VLOOKUP(F47,инфо!$A$15:$C$28,3,FALSE)/1000,0) -> 12.9463 | J47: 500 | K47: 2 | M47: 26 | N47: 1807 | O47: 11530 | S47: =SUM(O47:R47) -> 11530 | Y47: 180 | AC47: 180 | AE47: =SUMIFS(инфо!$D$15:$D$28,инфо!$A$15:$A$28,F47) -> 414 | AF47: =IF(H47=0,0,N47/H47) -> 4.8837838 | AG47: =AF47-AE47 -> -409.11622 | AH47: =SUMIFS(инфо!$E$15:$E$28,инфо!$A$15:$A$28,F47) -> 26.73 | AI47: =IF(H47=0,0,S47/H47) -> 31.162162 | AJ47: =AI47-AH47 -> 4.4321622 | AK47: =SUMIFS(инфо!$F$15:$F$28,инфо!$A$15:$A$28,F47) -> 0.413 | AL47: =IF(H47=0,0,Y47/H47) -> 0.48648649 | AM47: =AL47-AK47 -> 0.073486486 | AN47: =SUMIFS(инфо!$G$15:$G$28,инфо!$A$15:$A$28,F47) -> 0 | AO47: =IF(H47=0,0,AA47/H47) -> 0 | AP47: =AO47-AN47 -> 0 | AQ47: =SUMIFS(инфо!$H$15:$H$28,инфо!$A$15:$A$28,F47) -> 0 | AR47: =IF(H46=0,0,AC47/H46) -> 0.25495751 | AS47: =AR47-AQ47 -> 0.25495751 | AT47: =SUMIFS(инфо!$I$15:$I$28,инфо!$A$15:$A$28,F47) -> 0.207 | AU47: =IF(H47=0,0,AD47/H47) -> 0 | AV47: =AU47-AT47 -> -0.207 | AX47: =SUMIFS(инфо!$C$15:$C$28,инфо!$A$15:$A$28,F47)*H46 -> 24702.94
A48: =A46+1 -> 46091 | I48: =IFERROR(H48*VLOOKUP(F48,инфо!$A$15:$C$28,3,FALSE)/1000,0) -> 0 | S48: =SUM(O48:R48) -> 0 | AE48: =SUMIFS(инфо!$D$15:$D$28,инфо!$A$15:$A$28,F48) -> 0 | AF48: =IF(H48=0,0,N48/H48) -> 0 | AG48: =AF48-AE48 -> 0 | AH48: =SUMIFS(инфо!$E$15:$E$28,инфо!$A$15:$A$28,F48) -> 0 | AI48: =IF(H48=0,0,S48/H48) -> 0 | AJ48: =AI48-AH48 -> 0 | AK48: =SUMIFS(инфо!$F$15:$F$28,инфо!$A$15:$A$28,F48) -> 0 | AL48: =IF(H48=0,0,Y48/H48) -> 0 | AM48: =AL48-AK48 -> 0 | AN48: =SUMIFS(инфо!$G$15:$G$28,инфо!$A$15:$A$28,F48) -> 0 | AO48: =IF(H48=0,0,AA48/H48) -> 0 | AP48: =AO48-AN48 -> 0 | AQ48: =SUMIFS(инфо!$H$15:$H$28,инфо!$A$15:$A$28,F48) -> 0 | AR48: =IF(H47=0,0,AC48/H47) -> 0 | AS48: =AR48-AQ48 -> 0 | AT48: =SUMIFS(инфо!$I$15:$I$28,инфо!$A$15:$A$28,F48) -> 0 | AU48: =IF(H48=0,0,AD48/H48) -> 0 | AV48: =AU48-AT48 -> 0 | AX48: =SUMIFS(инфо!$C$15:$C$28,инфо!$A$15:$A$28,F48)*H47 -> 0
A49: =A47+1 -> 46092 | B49: 0044 | C49: Линия 1 | D49: ночь | E49: Дауылбай | F49: плоский 10 | G49: 24 | H49: 560 | I49: =IFERROR(H49*VLOOKUP(F49,инфо!$A$15:$C$28,3,FALSE)/1000,0) -> 19.5944 | J49: 400 | K49: 8 | M49: 84 | N49: 2422 | O49: 2561 | P49: 12834 | S49: =SUM(O49:R49) -> 15395 | Y49: 220 | AC49: 240 | AE49: =SUMIFS(инфо!$D$15:$D$28,инфо!$A$15:$A$28,F49) -> 414 | AF49: =IF(H49=0,0,N49/H49) -> 4.325 | AG49: =AF49-AE49 -> -409.675 | AH49: =SUMIFS(инфо!$E$15:$E$28,инфо!$A$15:$A$28,F49) -> 26.73 | AI49: =IF(H49=0,0,S49/H49) -> 27.491071 | AJ49: =AI49-AH49 -> 0.76107143 | AK49: =SUMIFS(инфо!$F$15:$F$28,инфо!$A$15:$A$28,F49) -> 0.413 | AL49: =IF(H49=0,0,Y49/H49) -> 0.39285714 | AM49: =AL49-AK49 -> -0.020142857 | AN49: =SUMIFS(инфо!$G$15:$G$28,инфо!$A$15:$A$28,F49) -> 0 | AO49: =IF(H49=0,0,AA49/H49) -> 0 | AP49: =AO49-AN49 -> 0 | AQ49: =SUMIFS(инфо!$H$15:$H$28,инфо!$A$15:$A$28,F49) -> 0 | AR49: =IF(H48=0,0,AC49/H48) -> 0 | AS49: =AR49-AQ49 -> 0 | AT49: =SUMIFS(инфо!$I$15:$I$28,инфо!$A$15:$A$28,F49) -> 0.207 | AU49: =IF(H49=0,0,AD49/H49) -> 0 | AV49: =AU49-AT49 -> -0.207 | AX49: =SUMIFS(инфо!$C$15:$C$28,инфо!$A$15:$A$28,F49)*H48 -> 0
A50: =A48+1 -> 46092 | I50: =IFERROR(H50*VLOOKUP(F50,инфо!$A$15:$C$28,3,FALSE)/1000,0) -> 0 | S50: =SUM(O50:R50) -> 0 | AE50: =SUMIFS(инфо!$D$15:$D$28,инфо!$A$15:$A$28,F50) -> 0 | AF50: =IF(H50=0,0,N50/H50) -> 0 | AG50: =AF50-AE50 -> 0 | AH50: =SUMIFS(инфо!$E$15:$E$28,инфо!$A$15:$A$28,F50) -> 0 | AI50: =IF(H50=0,0,S50/H50) -> 0 | AJ50: =AI50-AH50 -> 0 | AK50: =SUMIFS(инфо!$F$15:$F$28,инфо!$A$15:$A$28,F50) -> 0 | AL50: =IF(H50=0,0,Y50/H50) -> 0 | AM50: =AL50-AK50 -> 0 | AN50: =SUMIFS(инфо!$G$15:$G$28,инфо!$A$15:$A$28,F50) -> 0 | AO50: =IF(H50=0,0,AA50/H50) -> 0 | AP50: =AO50-AN50 -> 0 | AQ50: =SUMIFS(инфо!$H$15:$H$28,инфо!$A$15:$A$28,F50) -> 0 | AR50: =IF(H49=0,0,AC50/H49) -> 0 | AS50: =AR50-AQ50 -> 0 | AT50: =SUMIFS(инфо!$I$15:$I$28,инфо!$A$15:$A$28,F50) -> 0 | AU50: =IF(H50=0,0,AD50/H50) -> 0 | AV50: =AU50-AT50 -> 0 | AX50: =SUMIFS(инфо!$C$15:$C$28,инфо!$A$15:$A$28,F50)*H49 -> 0
A51: =A49+1 -> 46093 | I51: =IFERROR(H51*VLOOKUP(F51,инфо!$A$15:$C$28,3,FALSE)/1000,0) -> 0 | S51: =SUM(O51:R51) -> 0 | AE51: =SUMIFS(инфо!$D$15:$D$28,инфо!$A$15:$A$28,F51) -> 0 | AF51: =IF(H51=0,0,N51/H51) -> 0 | AG51: =AF51-AE51 -> 0 | AH51: =SUMIFS(инфо!$E$15:$E$28,инфо!$A$15:$A$28,F51) -> 0 | AI51: =IF(H51=0,0,S51/H51) -> 0 | AJ51: =AI51-AH51 -> 0 | AK51: =SUMIFS(инфо!$F$15:$F$28,инфо!$A$15:$A$28,F51) -> 0 | AL51: =IF(H51=0,0,Y51/H51) -> 0 | AM51: =AL51-AK51 -> 0 | AN51: =SUMIFS(инфо!$G$15:$G$28,инфо!$A$15:$A$28,F51) -> 0 | AO51: =IF(H51=0,0,AA51/H51) -> 0 | AP51: =AO51-AN51 -> 0 | AQ51: =SUMIFS(инфо!$H$15:$H$28,инфо!$A$15:$A$28,F51) -> 0 | AR51: =IF(H50=0,0,AC51/H50) -> 0 | AS51: =AR51-AQ51 -> 0 | AT51: =SUMIFS(инфо!$I$15:$I$28,инфо!$A$15:$A$28,F51) -> 0 | AU51: =IF(H51=0,0,AD51/H51) -> 0 | AV51: =AU51-AT51 -> 0 | AX51: =SUMIFS(инфо!$C$15:$C$28,инфо!$A$15:$A$28,F51)*H50 -> 0
A52: =A50+1 -> 46093 | B52: 0045 | C52: Линия 1 | D52: ночь | E52: Монаев | F52: плоский 10 | G52: 24 | H52: 500 | I52: =IFERROR(H52*VLOOKUP(F52,инфо!$A$15:$C$28,3,FALSE)/1000,0) -> 17.495 | J52: 600 | K52: 4 | M52: 52 | N52: 2398 | O52: 15331 | S52: =SUM(O52:R52) -> 15331 | Y52: 220 | AC52: 240 | AE52: =SUMIFS(инфо!$D$15:$D$28,инфо!$A$15:$A$28,F52) -> 414 | AF52: =IF(H52=0,0,N52/H52) -> 4.796 | AG52: =AF52-AE52 -> -409.204 | AH52: =SUMIFS(инфо!$E$15:$E$28,инфо!$A$15:$A$28,F52) -> 26.73 | AI52: =IF(H52=0,0,S52/H52) -> 30.662 | AJ52: =AI52-AH52 -> 3.932 | AK52: =SUMIFS(инфо!$F$15:$F$28,инфо!$A$15:$A$28,F52) -> 0.413 | AL52: =IF(H52=0,0,Y52/H52) -> 0.44 | AM52: =AL52-AK52 -> 0.027 | AN52: =SUMIFS(инфо!$G$15:$G$28,инфо!$A$15:$A$28,F52) -> 0 | AO52: =IF(H52=0,0,AA52/H52) -> 0 | AP52: =AO52-AN52 -> 0 | AQ52: =SUMIFS(инфо!$H$15:$H$28,инфо!$A$15:$A$28,F52) -> 0 | AR52: =IF(H51=0,0,AC52/H51) -> 0 | AS52: =AR52-AQ52 -> 0 | AT52: =SUMIFS(инфо!$I$15:$I$28,инфо!$A$15:$A$28,F52) -> 0.207 | AU52: =IF(H52=0,0,AD52/H52) -> 0 | AV52: =AU52-AT52 -> -0.207 | AX52: =SUMIFS(инфо!$C$15:$C$28,инфо!$A$15:$A$28,F52)*H51 -> 0
A53: =A51+1 -> 46094 | I53: =IFERROR(H53*VLOOKUP(F53,инфо!$A$15:$C$28,3,FALSE)/1000,0) -> 0 | S53: =SUM(O53:R53) -> 0 | AE53: =SUMIFS(инфо!$D$15:$D$28,инфо!$A$15:$A$28,F53) -> 0 | AF53: =IF(H53=0,0,N53/H53) -> 0 | AG53: =AF53-AE53 -> 0 | AH53: =SUMIFS(инфо!$E$15:$E$28,инфо!$A$15:$A$28,F53) -> 0 | AI53: =IF(H53=0,0,S53/H53) -> 0 | AJ53: =AI53-AH53 -> 0 | AK53: =SUMIFS(инфо!$F$15:$F$28,инфо!$A$15:$A$28,F53) -> 0 | AL53: =IF(H53=0,0,Y53/H53) -> 0 | AM53: =AL53-AK53 -> 0 | AN53: =SUMIFS(инфо!$G$15:$G$28,инфо!$A$15:$A$28,F53) -> 0 | AO53: =IF(H53=0,0,AA53/H53) -> 0 | AP53: =AO53-AN53 -> 0 | AQ53: =SUMIFS(инфо!$H$15:$H$28,инфо!$A$15:$A$28,F53) -> 0 | AR53: =IF(H52=0,0,AC53/H52) -> 0 | AS53: =AR53-AQ53 -> 0 | AT53: =SUMIFS(инфо!$I$15:$I$28,инфо!$A$15:$A$28,F53) -> 0 | AU53: =IF(H53=0,0,AD53/H53) -> 0 | AV53: =AU53-AT53 -> 0 | AX53: =SUMIFS(инфо!$C$15:$C$28,инфо!$A$15:$A$28,F53)*H52 -> 0
A54: =A52+1 -> 46094 | B54: 0046 | C54: Линия 1 | D54: ночь | E54: Бекбосынов | F54: плоский 10 | G54: 12 | H54: 264 | I54: =IFERROR(H54*VLOOKUP(F54,инфо!$A$15:$C$28,3,FALSE)/1000,0) -> 9.23736 | J54: 400 | L54: 179 | M54: 50 | N54: 1210 | O54: 7700 | S54: =SUM(O54:R54) -> 7700 | Y54: 120 | AC54: 120 | AE54: =SUMIFS(инфо!$D$15:$D$28,инфо!$A$15:$A$28,F54) -> 414 | AF54: =IF(H54=0,0,N54/H54) -> 4.5833333 | AG54: =AF54-AE54 -> -409.41667 | AH54: =SUMIFS(инфо!$E$15:$E$28,инфо!$A$15:$A$28,F54) -> 26.73 | AI54: =IF(H54=0,0,S54/H54) -> 29.166667 | AJ54: =AI54-AH54 -> 2.4366667 | AK54: =SUMIFS(инфо!$F$15:$F$28,инфо!$A$15:$A$28,F54) -> 0.413 | AL54: =IF(H54=0,0,Y54/H54) -> 0.45454545 | AM54: =AL54-AK54 -> 0.041545455 | AN54: =SUMIFS(инфо!$G$15:$G$28,инфо!$A$15:$A$28,F54) -> 0 | AO54: =IF(H54=0,0,AA54/H54) -> 0 | AP54: =AO54-AN54 -> 0 | AQ54: =SUMIFS(инфо!$H$15:$H$28,инфо!$A$15:$A$28,F54) -> 0 | AR54: =IF(H53=0,0,AC54/H53) -> 0 | AS54: =AR54-AQ54 -> 0 | AT54: =SUMIFS(инфо!$I$15:$I$28,инфо!$A$15:$A$28,F54) -> 0.207 | AU54: =IF(H54=0,0,AD54/H54) -> 0 | AV54: =AU54-AT54 -> -0.207 | AX54: =SUMIFS(инфо!$C$15:$C$28,инфо!$A$15:$A$28,F54)*H53 -> 0
A55: =A53+1 -> 46095 | B55: 0047 | C55: линия 2 | D55: день | E55: Дауылбай | F55: 8 волн рифленый | G55: 18 | H55: 800 | I55: =IFERROR(H55*VLOOKUP(F55,инфо!$A$15:$C$28,3,FALSE)/1000,0) -> 15.68 | K55: 30 | L55: 8 | N55: 1834 | Q55: 3916 | R55: 7756 | S55: =SUM(O55:R55) -> 11672 | Y55: 140 | AE55: =SUMIFS(инфо!$D$15:$D$28,инфо!$A$15:$A$28,F55) -> 2.31 | AF55: =IF(H55=0,0,N55/H55) -> 2.2925 | AG55: =AF55-AE55 -> -0.0175 | AH55: =SUMIFS(инфо!$E$15:$E$28,инфо!$A$15:$A$28,F55) -> 14.93 | AI55: =IF(H55=0,0,S55/H55) -> 14.59 | AJ55: =AI55-AH55 -> -0.34 | AK55: =SUMIFS(инфо!$F$15:$F$28,инфо!$A$15:$A$28,F55) -> 0.231 | AL55: =IF(H55=0,0,Y55/H55) -> 0.175 | AM55: =AL55-AK55 -> -0.056 | AN55: =SUMIFS(инфо!$G$15:$G$28,инфо!$A$15:$A$28,F55) -> 0.046 | AO55: =IF(H55=0,0,AA55/H55) -> 0 | AP55: =AO55-AN55 -> -0.046 | AQ55: =SUMIFS(инфо!$H$15:$H$28,инфо!$A$15:$A$28,F55) -> 0 | AR55: =IF(H54=0,0,AC55/H54) -> 0 | AS55: =AR55-AQ55 -> 0 | AT55: =SUMIFS(инфо!$I$15:$I$28,инфо!$A$15:$A$28,F55) -> 0.15 | AU55: =IF(H55=0,0,AD55/H55) -> 0 | AV55: =AU55-AT55 -> -0.15 | AX55: =SUMIFS(инфо!$C$15:$C$28,инфо!$A$15:$A$28,F55)*H54 -> 5174.4
A56: =A54+1 -> 46095 | B56: 0048 | C56: линия 2 | D56: ночь | E56: Султанулы | F56: 8 волн рифленый | G56: 42 | H56: 1620 | I56: =IFERROR(H56*VLOOKUP(F56,инфо!$A$15:$C$28,3,FALSE)/1000,0) -> 31.752 | J56: 1250 | K56: 17 | L56: 2 | N56: 4119 | Q56: 12150 | R56: 14710 | S56: =SUM(O56:R56) -> 26860 | Y56: 420 | AC56: 420 | AE56: =SUMIFS(инфо!$D$15:$D$28,инфо!$A$15:$A$28,F56) -> 2.31 | AF56: =IF(H56=0,0,N56/H56) -> 2.5425926 | AG56: =AF56-AE56 -> 0.23259259 | AH56: =SUMIFS(инфо!$E$15:$E$28,инфо!$A$15:$A$28,F56) -> 14.93 | AI56: =IF(H56=0,0,S56/H56) -> 16.580247 | AJ56: =AI56-AH56 -> 1.6502469 | AK56: =SUMIFS(инфо!$F$15:$F$28,инфо!$A$15:$A$28,F56) -> 0.231 | AL56: =IF(H56=0,0,Y56/H56) -> 0.25925926 | AM56: =AL56-AK56 -> 0.028259259 | AN56: =SUMIFS(инфо!$G$15:$G$28,инфо!$A$15:$A$28,F56) -> 0.046 | AO56: =IF(H56=0,0,AA56/H56) -> 0 | AP56: =AO56-AN56 -> -0.046 | AQ56: =SUMIFS(инфо!$H$15:$H$28,инфо!$A$15:$A$28,F56) -> 0 | AR56: =IF(H55=0,0,AC56/H55) -> 0.525 | AS56: =AR56-AQ56 -> 0.525 | AT56: =SUMIFS(инфо!$I$15:$I$28,инфо!$A$15:$A$28,F56) -> 0.15 | AU56: =IF(H56=0,0,AD56/H56) -> 0 | AV56: =AU56-AT56 -> -0.15 | AX56: =SUMIFS(инфо!$C$15:$C$28,инфо!$A$15:$A$28,F56)*H55 -> 15680
A57: =A55+1 -> 46096 | B57: 0049 | C57: линия 2 | D57: день | E57: Монаев | F57: 8 волн рифленый | G57: 39 | H57: 1550 | I57: =IFERROR(H57*VLOOKUP(F57,инфо!$A$15:$C$28,3,FALSE)/1000,0) -> 30.38 | J57: 1000 | K57: 13 | L57: 11 | N57: 3833 | Q57: 13447 | R57: 11509 | S57: =SUM(O57:R57) -> 24956 | Y57: 390 | AC57: 390 | AE57: =SUMIFS(инфо!$D$15:$D$28,инфо!$A$15:$A$28,F57) -> 2.31 | AF57: =IF(H57=0,0,N57/H57) -> 2.4729032 | AG57: =AF57-AE57 -> 0.16290323 | AH57: =SUMIFS(инфо!$E$15:$E$28,инфо!$A$15:$A$28,F57) -> 14.93 | AI57: =IF(H57=0,0,S57/H57) -> 16.100645 | AJ57: =AI57-AH57 -> 1.1706452 | AK57: =SUMIFS(инфо!$F$15:$F$28,инфо!$A$15:$A$28,F57) -> 0.231 | AL57: =IF(H57=0,0,Y57/H57) -> 0.2516129 | AM57: =AL57-AK57 -> 0.020612903 | AN57: =SUMIFS(инфо!$G$15:$G$28,инфо!$A$15:$A$28,F57) -> 0.046 | AO57: =IF(H57=0,0,AA57/H57) -> 0 | AP57: =AO57-AN57 -> -0.046 | AQ57: =SUMIFS(инфо!$H$15:$H$28,инфо!$A$15:$A$28,F57) -> 0 | AR57: =IF(H56=0,0,AC57/H56) -> 0.24074074 | AS57: =AR57-AQ57 -> 0.24074074 | AT57: =SUMIFS(инфо!$I$15:$I$28,инфо!$A$15:$A$28,F57) -> 0.15 | AU57: =IF(H57=0,0,AD57/H57) -> 0 | AV57: =AU57-AT57 -> -0.15 | AX57: =SUMIFS(инфо!$C$15:$C$28,инфо!$A$15:$A$28,F57)*H56 -> 31752
A58: =A56+1 -> 46096 | B58: 0050 | C58: линия 2 | D58: ночь | E58: Дауылбай | F58: 8 волн рифленый | G58: 48 | H58: 2180 | I58: =IFERROR(H58*VLOOKUP(F58,инфо!$A$15:$C$28,3,FALSE)/1000,0) -> 42.728 | J58: 2750 | N58: 4702 | Q58: 16299 | R58: 14724 | S58: =SUM(O58:R58) -> 31023 | Y58: 480 | AC58: 480 | AE58: =SUMIFS(инфо!$D$15:$D$28,инфо!$A$15:$A$28,F58) -> 2.31 | AF58: =IF(H58=0,0,N58/H58) -> 2.1568807 | AG58: =AF58-AE58 -> -0.15311927 | AH58: =SUMIFS(инфо!$E$15:$E$28,инфо!$A$15:$A$28,F58) -> 14.93 | AI58: =IF(H58=0,0,S58/H58) -> 14.230734 | AJ58: =AI58-AH58 -> -0.69926606 | AK58: =SUMIFS(инфо!$F$15:$F$28,инфо!$A$15:$A$28,F58) -> 0.231 | AL58: =IF(H58=0,0,Y58/H58) -> 0.22018349 | AM58: =AL58-AK58 -> -0.010816514 | AN58: =SUMIFS(инфо!$G$15:$G$28,инфо!$A$15:$A$28,F58) -> 0.046 | AO58: =IF(H58=0,0,AA58/H58) -> 0 | AP58: =AO58-AN58 -> -0.046 | AQ58: =SUMIFS(инфо!$H$15:$H$28,инфо!$A$15:$A$28,F58) -> 0 | AR58: =IF(H57=0,0,AC58/H57) -> 0.30967742 | AS58: =AR58-AQ58 -> 0.30967742 | AT58: =SUMIFS(инфо!$I$15:$I$28,инфо!$A$15:$A$28,F58) -> 0.15 | AU58: =IF(H58=0,0,AD58/H58) -> 0 | AV58: =AU58-AT58 -> -0.15 | AX58: =SUMIFS(инфо!$C$15:$C$28,инфо!$A$15:$A$28,F58)*H57 -> 30380
A59: =A57+1 -> 46097 | I59: =IFERROR(H59*VLOOKUP(F59,инфо!$A$15:$C$28,3,FALSE)/1000,0) -> 0 | S59: =SUM(O59:R59) -> 0 | AE59: =SUMIFS(инфо!$D$15:$D$28,инфо!$A$15:$A$28,F59) -> 0 | AF59: =IF(H59=0,0,N59/H59) -> 0 | AG59: =AF59-AE59 -> 0 | AH59: =SUMIFS(инфо!$E$15:$E$28,инфо!$A$15:$A$28,F59) -> 0 | AI59: =IF(H59=0,0,S59/H59) -> 0 | AJ59: =AI59-AH59 -> 0 | AK59: =SUMIFS(инфо!$F$15:$F$28,инфо!$A$15:$A$28,F59) -> 0 | AL59: =IF(H59=0,0,Y59/H59) -> 0 | AM59: =AL59-AK59 -> 0 | AN59: =SUMIFS(инфо!$G$15:$G$28,инфо!$A$15:$A$28,F59) -> 0 | AO59: =IF(H59=0,0,AA59/H59) -> 0 | AP59: =AO59-AN59 -> 0 | AQ59: =SUMIFS(инфо!$H$15:$H$28,инфо!$A$15:$A$28,F59) -> 0 | AR59: =IF(H58=0,0,AC59/H58) -> 0 | AS59: =AR59-AQ59 -> 0 | AT59: =SUMIFS(инфо!$I$15:$I$28,инфо!$A$15:$A$28,F59) -> 0 | AU59: =IF(H59=0,0,AD59/H59) -> 0 | AV59: =AU59-AT59 -> 0 | AX59: =SUMIFS(инфо!$C$15:$C$28,инфо!$A$15:$A$28,F59)*H58 -> 0
A60: =A58+1 -> 46097 | I60: =IFERROR(H60*VLOOKUP(F60,инфо!$A$15:$C$28,3,FALSE)/1000,0) -> 0 | S60: =SUM(O60:R60) -> 0 | AE60: =SUMIFS(инфо!$D$15:$D$28,инфо!$A$15:$A$28,F60) -> 0 | AF60: =IF(H60=0,0,N60/H60) -> 0 | AG60: =AF60-AE60 -> 0 | AH60: =SUMIFS(инфо!$E$15:$E$28,инфо!$A$15:$A$28,F60) -> 0 | AI60: =IF(H60=0,0,S60/H60) -> 0 | AJ60: =AI60-AH60 -> 0 | AK60: =SUMIFS(инфо!$F$15:$F$28,инфо!$A$15:$A$28,F60) -> 0 | AL60: =IF(H60=0,0,Y60/H60) -> 0 | AM60: =AL60-AK60 -> 0 | AN60: =SUMIFS(инфо!$G$15:$G$28,инфо!$A$15:$A$28,F60) -> 0 | AO60: =IF(H60=0,0,AA60/H60) -> 0 | AP60: =AO60-AN60 -> 0 | AQ60: =SUMIFS(инфо!$H$15:$H$28,инфо!$A$15:$A$28,F60) -> 0 | AR60: =IF(H59=0,0,AC60/H59) -> 0 | AS60: =AR60-AQ60 -> 0 | AT60: =SUMIFS(инфо!$I$15:$I$28,инфо!$A$15:$A$28,F60) -> 0 | AU60: =IF(H60=0,0,AD60/H60) -> 0 | AV60: =AU60-AT60 -> 0 | AX60: =SUMIFS(инфо!$C$15:$C$28,инфо!$A$15:$A$28,F60)*H59 -> 0
A61: =A59+1 -> 46098 | I61: =IFERROR(H61*VLOOKUP(F61,инфо!$A$15:$C$28,3,FALSE)/1000,0) -> 0 | S61: =SUM(O61:R61) -> 0 | AE61: =SUMIFS(инфо!$D$15:$D$28,инфо!$A$15:$A$28,F61) -> 0 | AF61: =IF(H61=0,0,N61/H61) -> 0 | AG61: =AF61-AE61 -> 0 | AH61: =SUMIFS(инфо!$E$15:$E$28,инфо!$A$15:$A$28,F61) -> 0 | AI61: =IF(H61=0,0,S61/H61) -> 0 | AJ61: =AI61-AH61 -> 0 | AK61: =SUMIFS(инфо!$F$15:$F$28,инфо!$A$15:$A$28,F61) -> 0 | AL61: =IF(H61=0,0,Y61/H61) -> 0 | AM61: =AL61-AK61 -> 0 | AN61: =SUMIFS(инфо!$G$15:$G$28,инфо!$A$15:$A$28,F61) -> 0 | AO61: =IF(H61=0,0,AA61/H61) -> 0 | AP61: =AO61-AN61 -> 0 | AQ61: =SUMIFS(инфо!$H$15:$H$28,инфо!$A$15:$A$28,F61) -> 0 | AR61: =IF(H60=0,0,AC61/H60) -> 0 | AS61: =AR61-AQ61 -> 0 | AT61: =SUMIFS(инфо!$I$15:$I$28,инфо!$A$15:$A$28,F61) -> 0 | AU61: =IF(H61=0,0,AD61/H61) -> 0 | AV61: =AU61-AT61 -> 0 | AX61: =SUMIFS(инфо!$C$15:$C$28,инфо!$A$15:$A$28,F61)*H60 -> 0
A62: =A60+1 -> 46098 | I62: =IFERROR(H62*VLOOKUP(F62,инфо!$A$15:$C$28,3,FALSE)/1000,0) -> 0 | AE62: =SUMIFS(инфо!$D$15:$D$28,инфо!$A$15:$A$28,F62) -> 0 | AF62: =IF(H62=0,0,N62/H62) -> 0 | AG62: =AF62-AE62 -> 0 | AH62: =SUMIFS(инфо!$E$15:$E$28,инфо!$A$15:$A$28,F62) -> 0 | AI62: =IF(H62=0,0,S62/H62) -> 0 | AJ62: =AI62-AH62 -> 0 | AK62: =SUMIFS(инфо!$F$15:$F$28,инфо!$A$15:$A$28,F62) -> 0 | AL62: =IF(H62=0,0,Y62/H62) -> 0 | AM62: =AL62-AK62 -> 0 | AN62: =SUMIFS(инфо!$G$15:$G$28,инфо!$A$15:$A$28,F62) -> 0 | AO62: =IF(H62=0,0,AA62/H62) -> 0 | AP62: =AO62-AN62 -> 0 | AQ62: =SUMIFS(инфо!$H$15:$H$28,инфо!$A$15:$A$28,F62) -> 0 | AR62: =IF(H61=0,0,AC62/H61) -> 0 | AS62: =AR62-AQ62 -> 0 | AT62: =SUMIFS(инфо!$I$15:$I$28,инфо!$A$15:$A$28,F62) -> 0 | AU62: =IF(H62=0,0,AD62/H62) -> 0 | AV62: =AU62-AT62 -> 0 | AX62: =SUMIFS(инфо!$C$15:$C$28,инфо!$A$15:$A$28,F62)*H61 -> 0
A63: =A61+1 -> 46099 | I63: =IFERROR(H63*VLOOKUP(F63,инфо!$A$15:$C$28,3,FALSE)/1000,0) -> 0 | AE63: =SUMIFS(инфо!$D$15:$D$28,инфо!$A$15:$A$28,F63) -> 0 | AF63: =IF(H63=0,0,N63/H63) -> 0 | AG63: =AF63-AE63 -> 0 | AH63: =SUMIFS(инфо!$E$15:$E$28,инфо!$A$15:$A$28,F63) -> 0 | AI63: =IF(H63=0,0,S63/H63) -> 0 | AJ63: =AI63-AH63 -> 0 | AK63: =SUMIFS(инфо!$F$15:$F$28,инфо!$A$15:$A$28,F63) -> 0 | AL63: =IF(H63=0,0,Y63/H63) -> 0 | AM63: =AL63-AK63 -> 0 | AN63: =SUMIFS(инфо!$G$15:$G$28,инфо!$A$15:$A$28,F63) -> 0 | AO63: =IF(H63=0,0,AA63/H63) -> 0 | AP63: =AO63-AN63 -> 0 | AQ63: =SUMIFS(инфо!$H$15:$H$28,инфо!$A$15:$A$28,F63) -> 0 | AR63: =IF(H62=0,0,AC63/H62) -> 0 | AS63: =AR63-AQ63 -> 0 | AT63: =SUMIFS(инфо!$I$15:$I$28,инфо!$A$15:$A$28,F63) -> 0 | AU63: =IF(H63=0,0,AD63/H63) -> 0 | AV63: =AU63-AT63 -> 0 | AX63: =SUMIFS(инфо!$C$15:$C$28,инфо!$A$15:$A$28,F63)*H62 -> 0
A64: =A62+1 -> 46099 | I64: =IFERROR(H64*VLOOKUP(F64,инфо!$A$15:$C$28,3,FALSE)/1000,0) -> 0 | J64: 569 | AE64: =SUMIFS(инфо!$D$15:$D$28,инфо!$A$15:$A$28,F64) -> 0 | AF64: =IF(H64=0,0,N64/H64) -> 0 | AG64: =AF64-AE64 -> 0 | AH64: =SUMIFS(инфо!$E$15:$E$28,инфо!$A$15:$A$28,F64) -> 0 | AI64: =IF(H64=0,0,S64/H64) -> 0 | AJ64: =AI64-AH64 -> 0 | AK64: =SUMIFS(инфо!$F$15:$F$28,инфо!$A$15:$A$28,F64) -> 0 | AL64: =IF(H64=0,0,Y64/H64) -> 0 | AM64: =AL64-AK64 -> 0 | AN64: =SUMIFS(инфо!$G$15:$G$28,инфо!$A$15:$A$28,F64) -> 0 | AO64: =IF(H64=0,0,AA64/H64) -> 0 | AP64: =AO64-AN64 -> 0 | AQ64: =SUMIFS(инфо!$H$15:$H$28,инфо!$A$15:$A$28,F64) -> 0 | AR64: =IF(H63=0,0,AC64/H63) -> 0 | AS64: =AR64-AQ64 -> 0 | AT64: =SUMIFS(инфо!$I$15:$I$28,инфо!$A$15:$A$28,F64) -> 0 | AU64: =IF(H64=0,0,AD64/H64) -> 0 | AV64: =AU64-AT64 -> 0 | AX64: =SUMIFS(инфо!$C$15:$C$28,инфо!$A$15:$A$28,F64)*H63 -> 0
A65: =A63+1 -> 46100 | I65: =IFERROR(H65*VLOOKUP(F65,инфо!$A$15:$C$28,3,FALSE)/1000,0) -> 0 | AE65: =SUMIFS(инфо!$D$15:$D$28,инфо!$A$15:$A$28,F65) -> 0 | AF65: =IF(H65=0,0,N65/H65) -> 0 | AG65: =AF65-AE65 -> 0 | AH65: =SUMIFS(инфо!$E$15:$E$28,инфо!$A$15:$A$28,F65) -> 0 | AI65: =IF(H65=0,0,S65/H65) -> 0 | AJ65: =AI65-AH65 -> 0 | AK65: =SUMIFS(инфо!$F$15:$F$28,инфо!$A$15:$A$28,F65) -> 0 | AL65: =IF(H65=0,0,Y65/H65) -> 0 | AM65: =AL65-AK65 -> 0 | AN65: =SUMIFS(инфо!$G$15:$G$28,инфо!$A$15:$A$28,F65) -> 0 | AO65: =IF(H65=0,0,AA65/H65) -> 0 | AP65: =AO65-AN65 -> 0 | AQ65: =SUMIFS(инфо!$H$15:$H$28,инфо!$A$15:$A$28,F65) -> 0 | AR65: =IF(H64=0,0,AC65/H64) -> 0 | AS65: =AR65-AQ65 -> 0 | AT65: =SUMIFS(инфо!$I$15:$I$28,инфо!$A$15:$A$28,F65) -> 0 | AU65: =IF(H65=0,0,AD65/H65) -> 0 | AV65: =AU65-AT65 -> 0 | AX65: =SUMIFS(инфо!$C$15:$C$28,инфо!$A$15:$A$28,F65)*H64 -> 0
A66: =A64+1 -> 46100 | I66: =IFERROR(H66*VLOOKUP(F66,инфо!$A$15:$C$28,3,FALSE)/1000,0) -> 0 | S66: =SUM(O66:R66) -> 0 | AE66: =SUMIFS(инфо!$D$15:$D$28,инфо!$A$15:$A$28,F66) -> 0 | AF66: =IF(H66=0,0,N66/H66) -> 0 | AG66: =AF66-AE66 -> 0 | AH66: =SUMIFS(инфо!$E$15:$E$28,инфо!$A$15:$A$28,F66) -> 0 | AI66: =IF(H66=0,0,S66/H66) -> 0 | AJ66: =AI66-AH66 -> 0 | AK66: =SUMIFS(инфо!$F$15:$F$28,инфо!$A$15:$A$28,F66) -> 0 | AL66: =IF(H66=0,0,Y66/H66) -> 0 | AM66: =AL66-AK66 -> 0 | AN66: =SUMIFS(инфо!$G$15:$G$28,инфо!$A$15:$A$28,F66) -> 0 | AO66: =IF(H66=0,0,AA66/H66) -> 0 | AP66: =AO66-AN66 -> 0 | AQ66: =SUMIFS(инфо!$H$15:$H$28,инфо!$A$15:$A$28,F66) -> 0 | AR66: =IF(H65=0,0,AC66/H65) -> 0 | AS66: =AR66-AQ66 -> 0 | AT66: =SUMIFS(инфо!$I$15:$I$28,инфо!$A$15:$A$28,F66) -> 0 | AU66: =IF(H66=0,0,AD66/H66) -> 0 | AV66: =AU66-AT66 -> 0 | AX66: =SUMIFS(инфо!$C$15:$C$28,инфо!$A$15:$A$28,F66)*H65 -> 0
A67: =A65+1 -> 46101 | I67: =IFERROR(H67*VLOOKUP(F67,инфо!$A$15:$C$28,3,FALSE)/1000,0) -> 0 | S67: =SUM(O67:R67) -> 0 | AE67: =SUMIFS(инфо!$D$15:$D$28,инфо!$A$15:$A$28,F67) -> 0 | AF67: =IF(H67=0,0,N67/H67) -> 0 | AG67: =AF67-AE67 -> 0 | AH67: =SUMIFS(инфо!$E$15:$E$28,инфо!$A$15:$A$28,F67) -> 0 | AI67: =IF(H67=0,0,S67/H67) -> 0 | AJ67: =AI67-AH67 -> 0 | AK67: =SUMIFS(инфо!$F$15:$F$28,инфо!$A$15:$A$28,F67) -> 0 | AL67: =IF(H67=0,0,Y67/H67) -> 0 | AM67: =AL67-AK67 -> 0 | AN67: =SUMIFS(инфо!$G$15:$G$28,инфо!$A$15:$A$28,F67) -> 0 | AO67: =IF(H67=0,0,AA67/H67) -> 0 | AP67: =AO67-AN67 -> 0 | AQ67: =SUMIFS(инфо!$H$15:$H$28,инфо!$A$15:$A$28,F67) -> 0 | AR67: =IF(H66=0,0,AC67/H66) -> 0 | AS67: =AR67-AQ67 -> 0 | AT67: =SUMIFS(инфо!$I$15:$I$28,инфо!$A$15:$A$28,F67) -> 0 | AU67: =IF(H67=0,0,AD67/H67) -> 0 | AV67: =AU67-AT67 -> 0 | AX67: =SUMIFS(инфо!$C$15:$C$28,инфо!$A$15:$A$28,F67)*H66 -> 0
A68: =A66+1 -> 46101 | I68: =IFERROR(H68*VLOOKUP(F68,инфо!$A$15:$C$28,3,FALSE)/1000,0) -> 0 | S68: =SUM(O68:R68) -> 0 | AE68: =SUMIFS(инфо!$D$15:$D$28,инфо!$A$15:$A$28,F68) -> 0 | AF68: =IF(H68=0,0,N68/H68) -> 0 | AG68: =AF68-AE68 -> 0 | AH68: =SUMIFS(инфо!$E$15:$E$28,инфо!$A$15:$A$28,F68) -> 0 | AI68: =IF(H68=0,0,S68/H68) -> 0 | AJ68: =AI68-AH68 -> 0 | AK68: =SUMIFS(инфо!$F$15:$F$28,инфо!$A$15:$A$28,F68) -> 0 | AL68: =IF(H68=0,0,Y68/H68) -> 0 | AM68: =AL68-AK68 -> 0 | AN68: =SUMIFS(инфо!$G$15:$G$28,инфо!$A$15:$A$28,F68) -> 0 | AO68: =IF(H68=0,0,AA68/H68) -> 0 | AP68: =AO68-AN68 -> 0 | AQ68: =SUMIFS(инфо!$H$15:$H$28,инфо!$A$15:$A$28,F68) -> 0 | AR68: =IF(H67=0,0,AC68/H67) -> 0 | AS68: =AR68-AQ68 -> 0 | AT68: =SUMIFS(инфо!$I$15:$I$28,инфо!$A$15:$A$28,F68) -> 0 | AU68: =IF(H68=0,0,AD68/H68) -> 0 | AV68: =AU68-AT68 -> 0 | AX68: =SUMIFS(инфо!$C$15:$C$28,инфо!$A$15:$A$28,F68)*H67 -> 0
A69: =A67+1 -> 46102 | I69: =IFERROR(H69*VLOOKUP(F69,инфо!$A$15:$C$28,3,FALSE)/1000,0) -> 0 | S69: =SUM(O69:R69) -> 0 | AE69: =SUMIFS(инфо!$D$15:$D$28,инфо!$A$15:$A$28,F69) -> 0 | AF69: =IF(H69=0,0,N69/H69) -> 0 | AG69: =AF69-AE69 -> 0 | AH69: =SUMIFS(инфо!$E$15:$E$28,инфо!$A$15:$A$28,F69) -> 0 | AI69: =IF(H69=0,0,S69/H69) -> 0 | AJ69: =AI69-AH69 -> 0 | AK69: =SUMIFS(инфо!$F$15:$F$28,инфо!$A$15:$A$28,F69) -> 0 | AL69: =IF(H69=0,0,Y69/H69) -> 0 | AM69: =AL69-AK69 -> 0 | AN69: =SUMIFS(инфо!$G$15:$G$28,инфо!$A$15:$A$28,F69) -> 0 | AO69: =IF(H69=0,0,AA69/H69) -> 0 | AP69: =AO69-AN69 -> 0 | AQ69: =SUMIFS(инфо!$H$15:$H$28,инфо!$A$15:$A$28,F69) -> 0 | AR69: =IF(H68=0,0,AC69/H68) -> 0 | AS69: =AR69-AQ69 -> 0 | AT69: =SUMIFS(инфо!$I$15:$I$28,инфо!$A$15:$A$28,F69) -> 0 | AU69: =IF(H69=0,0,AD69/H69) -> 0 | AV69: =AU69-AT69 -> 0 | AX69: =SUMIFS(инфо!$C$15:$C$28,инфо!$A$15:$A$28,F69)*H68 -> 0
A70: =A68+1 -> 46102 | I70: =IFERROR(H70*VLOOKUP(F70,инфо!$A$15:$C$28,3,FALSE)/1000,0) -> 0 | S70: =SUM(O70:R70) -> 0 | AE70: =SUMIFS(инфо!$D$15:$D$28,инфо!$A$15:$A$28,F70) -> 0 | AF70: =IF(H70=0,0,N70/H70) -> 0 | AG70: =AF70-AE70 -> 0 | AH70: =SUMIFS(инфо!$E$15:$E$28,инфо!$A$15:$A$28,F70) -> 0 | AI70: =IF(H70=0,0,S70/H70) -> 0 | AJ70: =AI70-AH70 -> 0 | AK70: =SUMIFS(инфо!$F$15:$F$28,инфо!$A$15:$A$28,F70) -> 0 | AL70: =IF(H70=0,0,Y70/H70) -> 0 | AM70: =AL70-AK70 -> 0 | AN70: =SUMIFS(инфо!$G$15:$G$28,инфо!$A$15:$A$28,F70) -> 0 | AO70: =IF(H70=0,0,AA70/H70) -> 0 | AP70: =AO70-AN70 -> 0 | AQ70: =SUMIFS(инфо!$H$15:$H$28,инфо!$A$15:$A$28,F70) -> 0 | AR70: =IF(H69=0,0,AC70/H69) -> 0 | AS70: =AR70-AQ70 -> 0 | AT70: =SUMIFS(инфо!$I$15:$I$28,инфо!$A$15:$A$28,F70) -> 0 | AU70: =IF(H70=0,0,AD70/H70) -> 0 | AV70: =AU70-AT70 -> 0 | AX70: =SUMIFS(инфо!$C$15:$C$28,инфо!$A$15:$A$28,F70)*H69 -> 0
A71: =A69+1 -> 46103 | I71: =IFERROR(H71*VLOOKUP(F71,инфо!$A$15:$C$28,3,FALSE)/1000,0) -> 0 | S71: =SUM(O71:R71) -> 0 | AE71: =SUMIFS(инфо!$D$15:$D$28,инфо!$A$15:$A$28,F71) -> 0 | AF71: =IF(H71=0,0,N71/H71) -> 0 | AG71: =AF71-AE71 -> 0 | AH71: =SUMIFS(инфо!$E$15:$E$28,инфо!$A$15:$A$28,F71) -> 0 | AI71: =IF(H71=0,0,S71/H71) -> 0 | AJ71: =AI71-AH71 -> 0 | AK71: =SUMIFS(инфо!$F$15:$F$28,инфо!$A$15:$A$28,F71) -> 0 | AL71: =IF(H71=0,0,Y71/H71) -> 0 | AM71: =AL71-AK71 -> 0 | AN71: =SUMIFS(инфо!$G$15:$G$28,инфо!$A$15:$A$28,F71) -> 0 | AO71: =IF(H71=0,0,AA71/H71) -> 0 | AP71: =AO71-AN71 -> 0 | AQ71: =SUMIFS(инфо!$H$15:$H$28,инфо!$A$15:$A$28,F71) -> 0 | AR71: =IF(H70=0,0,AC71/H70) -> 0 | AS71: =AR71-AQ71 -> 0 | AT71: =SUMIFS(инфо!$I$15:$I$28,инфо!$A$15:$A$28,F71) -> 0 | AU71: =IF(H71=0,0,AD71/H71) -> 0 | AV71: =AU71-AT71 -> 0 | AX71: =SUMIFS(инфо!$C$15:$C$28,инфо!$A$15:$A$28,F71)*H70 -> 0
A72: =A70+1 -> 46103 | I72: =IFERROR(H72*VLOOKUP(F72,инфо!$A$15:$C$28,3,FALSE)/1000,0) -> 0 | S72: =SUM(O72:R72) -> 0 | AE72: =SUMIFS(инфо!$D$15:$D$28,инфо!$A$15:$A$28,F72) -> 0 | AF72: =IF(H72=0,0,N72/H72) -> 0 | AG72: =AF72-AE72 -> 0 | AH72: =SUMIFS(инфо!$E$15:$E$28,инфо!$A$15:$A$28,F72) -> 0 | AI72: =IF(H72=0,0,S72/H72) -> 0 | AJ72: =AI72-AH72 -> 0 | AK72: =SUMIFS(инфо!$F$15:$F$28,инфо!$A$15:$A$28,F72) -> 0 | AL72: =IF(H72=0,0,Y72/H72) -> 0 | AM72: =AL72-AK72 -> 0 | AN72: =SUMIFS(инфо!$G$15:$G$28,инфо!$A$15:$A$28,F72) -> 0 | AO72: =IF(H72=0,0,AA72/H72) -> 0 | AP72: =AO72-AN72 -> 0 | AQ72: =SUMIFS(инфо!$H$15:$H$28,инфо!$A$15:$A$28,F72) -> 0 | AR72: =IF(H71=0,0,AC72/H71) -> 0 | AS72: =AR72-AQ72 -> 0 | AT72: =SUMIFS(инфо!$I$15:$I$28,инфо!$A$15:$A$28,F72) -> 0 | AU72: =IF(H72=0,0,AD72/H72) -> 0 | AV72: =AU72-AT72 -> 0 | AX72: =SUMIFS(инфо!$C$15:$C$28,инфо!$A$15:$A$28,F72)*H71 -> 0
A73: =A71+1 -> 46104 | I73: =IFERROR(H73*VLOOKUP(F73,инфо!$A$15:$C$28,3,FALSE)/1000,0) -> 0 | S73: =SUM(O73:R73) -> 0 | AE73: =SUMIFS(инфо!$D$15:$D$28,инфо!$A$15:$A$28,F73) -> 0 | AF73: =IF(H73=0,0,N73/H73) -> 0 | AG73: =AF73-AE73 -> 0 | AH73: =SUMIFS(инфо!$E$15:$E$28,инфо!$A$15:$A$28,F73) -> 0 | AI73: =IF(H73=0,0,S73/H73) -> 0 | AJ73: =AI73-AH73 -> 0 | AK73: =SUMIFS(инфо!$F$15:$F$28,инфо!$A$15:$A$28,F73) -> 0 | AL73: =IF(H73=0,0,Y73/H73) -> 0 | AM73: =AL73-AK73 -> 0 | AN73: =SUMIFS(инфо!$G$15:$G$28,инфо!$A$15:$A$28,F73) -> 0 | AO73: =IF(H73=0,0,AA73/H73) -> 0 | AP73: =AO73-AN73 -> 0 | AQ73: =SUMIFS(инфо!$H$15:$H$28,инфо!$A$15:$A$28,F73) -> 0 | AR73: =IF(H72=0,0,AC73/H72) -> 0 | AS73: =AR73-AQ73 -> 0 | AT73: =SUMIFS(инфо!$I$15:$I$28,инфо!$A$15:$A$28,F73) -> 0 | AU73: =IF(H73=0,0,AD73/H73) -> 0 | AV73: =AU73-AT73 -> 0 | AX73: =SUMIFS(инфо!$C$15:$C$28,инфо!$A$15:$A$28,F73)*H72 -> 0
A74: =A72+1 -> 46104 | I74: =IFERROR(H74*VLOOKUP(F74,инфо!$A$15:$C$28,3,FALSE)/1000,0) -> 0 | S74: =SUM(O74:R74) -> 0 | AE74: =SUMIFS(инфо!$D$15:$D$28,инфо!$A$15:$A$28,F74) -> 0 | AF74: =IF(H74=0,0,N74/H74) -> 0 | AG74: =AF74-AE74 -> 0 | AH74: =SUMIFS(инфо!$E$15:$E$28,инфо!$A$15:$A$28,F74) -> 0 | AI74: =IF(H74=0,0,S74/H74) -> 0 | AJ74: =AI74-AH74 -> 0 | AK74: =SUMIFS(инфо!$F$15:$F$28,инфо!$A$15:$A$28,F74) -> 0 | AL74: =IF(H74=0,0,Y74/H74) -> 0 | AM74: =AL74-AK74 -> 0 | AN74: =SUMIFS(инфо!$G$15:$G$28,инфо!$A$15:$A$28,F74) -> 0 | AO74: =IF(H74=0,0,AA74/H74) -> 0 | AP74: =AO74-AN74 -> 0 | AQ74: =SUMIFS(инфо!$H$15:$H$28,инфо!$A$15:$A$28,F74) -> 0 | AR74: =IF(H73=0,0,AC74/H73) -> 0 | AS74: =AR74-AQ74 -> 0 | AT74: =SUMIFS(инфо!$I$15:$I$28,инфо!$A$15:$A$28,F74) -> 0 | AU74: =IF(H74=0,0,AD74/H74) -> 0 | AV74: =AU74-AT74 -> 0 | AX74: =SUMIFS(инфо!$C$15:$C$28,инфо!$A$15:$A$28,F74)*H73 -> 0
A75: =A73+1 -> 46105 | I75: =IFERROR(H75*VLOOKUP(F75,инфо!$A$15:$C$28,3,FALSE)/1000,0) -> 0 | S75: =SUM(O75:R75) -> 0 | AE75: =SUMIFS(инфо!$D$15:$D$28,инфо!$A$15:$A$28,F75) -> 0 | AF75: =IF(H75=0,0,N75/H75) -> 0 | AG75: =AF75-AE75 -> 0 | AH75: =SUMIFS(инфо!$E$15:$E$28,инфо!$A$15:$A$28,F75) -> 0 | AI75: =IF(H75=0,0,S75/H75) -> 0 | AJ75: =AI75-AH75 -> 0 | AK75: =SUMIFS(инфо!$F$15:$F$28,инфо!$A$15:$A$28,F75) -> 0 | AL75: =IF(H75=0,0,Y75/H75) -> 0 | AM75: =AL75-AK75 -> 0 | AN75: =SUMIFS(инфо!$G$15:$G$28,инфо!$A$15:$A$28,F75) -> 0 | AO75: =IF(H75=0,0,AA75/H75) -> 0 | AP75: =AO75-AN75 -> 0 | AQ75: =SUMIFS(инфо!$H$15:$H$28,инфо!$A$15:$A$28,F75) -> 0 | AR75: =IF(H74=0,0,AC75/H74) -> 0 | AS75: =AR75-AQ75 -> 0 | AT75: =SUMIFS(инфо!$I$15:$I$28,инфо!$A$15:$A$28,F75) -> 0 | AU75: =IF(H75=0,0,AD75/H75) -> 0 | AV75: =AU75-AT75 -> 0 | AX75: =SUMIFS(инфо!$C$15:$C$28,инфо!$A$15:$A$28,F75)*H74 -> 0
A76: =A74+1 -> 46105 | I76: =IFERROR(H76*VLOOKUP(F76,инфо!$A$15:$C$28,3,FALSE)/1000,0) -> 0 | S76: =SUM(O76:R76) -> 0 | AE76: =SUMIFS(инфо!$D$15:$D$28,инфо!$A$15:$A$28,F76) -> 0 | AF76: =IF(H76=0,0,N76/H76) -> 0 | AG76: =AF76-AE76 -> 0 | AH76: =SUMIFS(инфо!$E$15:$E$28,инфо!$A$15:$A$28,F76) -> 0 | AI76: =IF(H76=0,0,S76/H76) -> 0 | AJ76: =AI76-AH76 -> 0 | AK76: =SUMIFS(инфо!$F$15:$F$28,инфо!$A$15:$A$28,F76) -> 0 | AL76: =IF(H76=0,0,Y76/H76) -> 0 | AM76: =AL76-AK76 -> 0 | AN76: =SUMIFS(инфо!$G$15:$G$28,инфо!$A$15:$A$28,F76) -> 0 | AO76: =IF(H76=0,0,AA76/H76) -> 0 | AP76: =AO76-AN76 -> 0 | AQ76: =SUMIFS(инфо!$H$15:$H$28,инфо!$A$15:$A$28,F76) -> 0 | AR76: =IF(H75=0,0,AC76/H75) -> 0 | AS76: =AR76-AQ76 -> 0 | AT76: =SUMIFS(инфо!$I$15:$I$28,инфо!$A$15:$A$28,F76) -> 0 | AU76: =IF(H76=0,0,AD76/H76) -> 0 | AV76: =AU76-AT76 -> 0 | AX76: =SUMIFS(инфо!$C$15:$C$28,инфо!$A$15:$A$28,F76)*H75 -> 0
A77: =A75+1 -> 46106 | I77: =IFERROR(H77*VLOOKUP(F77,инфо!$A$15:$C$28,3,FALSE)/1000,0) -> 0 | S77: =SUM(O77:R77) -> 0 | AE77: =SUMIFS(инфо!$D$15:$D$28,инфо!$A$15:$A$28,F77) -> 0 | AF77: =IF(H77=0,0,N77/H77) -> 0 | AG77: =AF77-AE77 -> 0 | AH77: =SUMIFS(инфо!$E$15:$E$28,инфо!$A$15:$A$28,F77) -> 0 | AI77: =IF(H77=0,0,S77/H77) -> 0 | AJ77: =AI77-AH77 -> 0 | AK77: =SUMIFS(инфо!$F$15:$F$28,инфо!$A$15:$A$28,F77) -> 0 | AL77: =IF(H77=0,0,Y77/H77) -> 0 | AM77: =AL77-AK77 -> 0 | AN77: =SUMIFS(инфо!$G$15:$G$28,инфо!$A$15:$A$28,F77) -> 0 | AO77: =IF(H77=0,0,AA77/H77) -> 0 | AP77: =AO77-AN77 -> 0 | AQ77: =SUMIFS(инфо!$H$15:$H$28,инфо!$A$15:$A$28,F77) -> 0 | AR77: =IF(H76=0,0,AC77/H76) -> 0 | AS77: =AR77-AQ77 -> 0 | AT77: =SUMIFS(инфо!$I$15:$I$28,инфо!$A$15:$A$28,F77) -> 0 | AU77: =IF(H77=0,0,AD77/H77) -> 0 | AV77: =AU77-AT77 -> 0 | AX77: =SUMIFS(инфо!$C$15:$C$28,инфо!$A$15:$A$28,F77)*H76 -> 0
A78: =A76+1 -> 46106 | I78: =IFERROR(H78*VLOOKUP(F78,инфо!$A$15:$C$28,3,FALSE)/1000,0) -> 0 | S78: =SUM(O78:R78) -> 0 | AE78: =SUMIFS(инфо!$D$15:$D$28,инфо!$A$15:$A$28,F78) -> 0 | AF78: =IF(H78=0,0,N78/H78) -> 0 | AG78: =AF78-AE78 -> 0 | AH78: =SUMIFS(инфо!$E$15:$E$28,инфо!$A$15:$A$28,F78) -> 0 | AI78: =IF(H78=0,0,S78/H78) -> 0 | AJ78: =AI78-AH78 -> 0 | AK78: =SUMIFS(инфо!$F$15:$F$28,инфо!$A$15:$A$28,F78) -> 0 | AL78: =IF(H78=0,0,Y78/H78) -> 0 | AM78: =AL78-AK78 -> 0 | AN78: =SUMIFS(инфо!$G$15:$G$28,инфо!$A$15:$A$28,F78) -> 0 | AO78: =IF(H78=0,0,AA78/H78) -> 0 | AP78: =AO78-AN78 -> 0 | AQ78: =SUMIFS(инфо!$H$15:$H$28,инфо!$A$15:$A$28,F78) -> 0 | AR78: =IF(H77=0,0,AC78/H77) -> 0 | AS78: =AR78-AQ78 -> 0 | AT78: =SUMIFS(инфо!$I$15:$I$28,инфо!$A$15:$A$28,F78) -> 0 | AU78: =IF(H78=0,0,AD78/H78) -> 0 | AV78: =AU78-AT78 -> 0 | AX78: =SUMIFS(инфо!$C$15:$C$28,инфо!$A$15:$A$28,F78)*H77 -> 0
A79: =A77+1 -> 46107 | B79: 0051 | C79: линия 2 | D79: день | E79: Дауылбай | F79: 8 волн рифленый | G79: 48 | H79: 1910 | I79: =IFERROR(H79*VLOOKUP(F79,инфо!$A$15:$C$28,3,FALSE)/1000,0) -> 37.436 | J79: 750 | K79: 25 | L79: 3 | N79: 4869 | Q79: 15981 | R79: 14725 | S79: =SUM(O79:R79) -> 30706 | Y79: 209 | AC79: 140 | AE79: =SUMIFS(инфо!$D$15:$D$28,инфо!$A$15:$A$28,F79) -> 2.31 | AF79: =IF(H79=0,0,N79/H79) -> 2.5492147 | AG79: =AF79-AE79 -> 0.23921466 | AH79: =SUMIFS(инфо!$E$15:$E$28,инфо!$A$15:$A$28,F79) -> 14.93 | AI79: =IF(H79=0,0,S79/H79) -> 16.07644 | AJ79: =AI79-AH79 -> 1.1464398 | AK79: =SUMIFS(инфо!$F$15:$F$28,инфо!$A$15:$A$28,F79) -> 0.231 | AL79: =IF(H79=0,0,Y79/H79) -> 0.10942408 | AM79: =AL79-AK79 -> -0.12157592 | AN79: =SUMIFS(инфо!$G$15:$G$28,инфо!$A$15:$A$28,F79) -> 0.046 | AO79: =IF(H79=0,0,AA79/H79) -> 0 | AP79: =AO79-AN79 -> -0.046 | AQ79: =SUMIFS(инфо!$H$15:$H$28,инфо!$A$15:$A$28,F79) -> 0 | AR79: =IF(H78=0,0,AC79/H78) -> 0 | AS79: =AR79-AQ79 -> 0 | AT79: =SUMIFS(инфо!$I$15:$I$28,инфо!$A$15:$A$28,F79) -> 0.15 | AU79: =IF(H79=0,0,AD79/H79) -> 0 | AV79: =AU79-AT79 -> -0.15 | AX79: =SUMIFS(инфо!$C$15:$C$28,инфо!$A$15:$A$28,F79)*H78 -> 0
A80: =A78+1 -> 46107 | B80: 0052 | C80: линия 2 | D80: ночь | E80: Султанулы | F80: 8 волн рифленый | G80: 57 | H80: 2440 | I80: =IFERROR(H80*VLOOKUP(F80,инфо!$A$15:$C$28,3,FALSE)/1000,0) -> 47.824 | J80: 2500 | K80: 5 | L80: 3 | N80: 5865 | Q80: 21750 | R80: 14722 | S80: =SUM(O80:R80) -> 36472 | Y80: 490 | AC80: 550 | AE80: =SUMIFS(инфо!$D$15:$D$28,инфо!$A$15:$A$28,F80) -> 2.31 | AF80: =IF(H80=0,0,N80/H80) -> 2.4036885 | AG80: =AF80-AE80 -> 0.093688525 | AH80: =SUMIFS(инфо!$E$15:$E$28,инфо!$A$15:$A$28,F80) -> 14.93 | AI80: =IF(H80=0,0,S80/H80) -> 14.947541 | AJ80: =AI80-AH80 -> 0.017540984 | AK80: =SUMIFS(инфо!$F$15:$F$28,инфо!$A$15:$A$28,F80) -> 0.231 | AL80: =IF(H80=0,0,Y80/H80) -> 0.20081967 | AM80: =AL80-AK80 -> -0.030180328 | AN80: =SUMIFS(инфо!$G$15:$G$28,инфо!$A$15:$A$28,F80) -> 0.046 | AO80: =IF(H80=0,0,AA80/H80) -> 0 | AP80: =AO80-AN80 -> -0.046 | AQ80: =SUMIFS(инфо!$H$15:$H$28,инфо!$A$15:$A$28,F80) -> 0 | AR80: =IF(H79=0,0,AC80/H79) -> 0.28795812 | AS80: =AR80-AQ80 -> 0.28795812 | AT80: =SUMIFS(инфо!$I$15:$I$28,инфо!$A$15:$A$28,F80) -> 0.15 | AU80: =IF(H80=0,0,AD80/H80) -> 0 | AV80: =AU80-AT80 -> -0.15 | AX80: =SUMIFS(инфо!$C$15:$C$28,инфо!$A$15:$A$28,F80)*H79 -> 37436
A81: =A79+1 -> 46108 | B81: 0053 | C81: линия 2 | D81: день | E81: Монаев | F81: 8 волн рифленый | G81: 29 | H81: 1240 | I81: =IFERROR(H81*VLOOKUP(F81,инфо!$A$15:$C$28,3,FALSE)/1000,0) -> 24.304 | J81: 1000 | K81: 35 | L81: 2 | N81: 2919 | Q81: 10227 | R81: 8312 | S81: =SUM(O81:R81) -> 18539 | Y81: 290 | AC81: 290 | AD81: 120 | AE81: =SUMIFS(инфо!$D$15:$D$28,инфо!$A$15:$A$28,F81) -> 2.31 | AF81: =IF(H81=0,0,N81/H81) -> 2.3540323 | AG81: =AF81-AE81 -> 0.044032258 | AH81: =SUMIFS(инфо!$E$15:$E$28,инфо!$A$15:$A$28,F81) -> 14.93 | AI81: =IF(H81=0,0,S81/H81) -> 14.950806 | AJ81: =AI81-AH81 -> 0.020806452 | AK81: =SUMIFS(инфо!$F$15:$F$28,инфо!$A$15:$A$28,F81) -> 0.231 | AL81: =IF(H81=0,0,Y81/H81) -> 0.23387097 | AM81: =AL81-AK81 -> 0.0028709677 | AN81: =SUMIFS(инфо!$G$15:$G$28,инфо!$A$15:$A$28,F81) -> 0.046 | AO81: =IF(H81=0,0,AA81/H81) -> 0 | AP81: =AO81-AN81 -> -0.046 | AQ81: =SUMIFS(инфо!$H$15:$H$28,инфо!$A$15:$A$28,F81) -> 0 | AR81: =IF(H80=0,0,AC81/H80) -> 0.11885246 | AS81: =AR81-AQ81 -> 0.11885246 | AT81: =SUMIFS(инфо!$I$15:$I$28,инфо!$A$15:$A$28,F81) -> 0.15 | AU81: =IF(H81=0,0,AD81/H81) -> 0.096774194 | AV81: =AU81-AT81 -> -0.053225806 | AX81: =SUMIFS(инфо!$C$15:$C$28,инфо!$A$15:$A$28,F81)*H80 -> 47824
A82: =A80+1 -> 46108 | B82: 0054 | C82: линия 2 | D82: ночь | E82: Дауылбай | F82: 8 волн рифленый | G82: 55 | H82: 2600 | I82: =IFERROR(H82*VLOOKUP(F82,инфо!$A$15:$C$28,3,FALSE)/1000,0) -> 50.96 | J82: 2250 | K82: 143 | L82: 4 | N82: 5511 | Q82: 17905 | R82: 17284 | S82: =SUM(O82:R82) -> 35189 | Y82: 550 | AA82: 55 | AC82: 550 | AD82: 275 | AE82: =SUMIFS(инфо!$D$15:$D$28,инфо!$A$15:$A$28,F82) -> 2.31 | AF82: =IF(H82=0,0,N82/H82) -> 2.1196154 | AG82: =AF82-AE82 -> -0.19038462 | AH82: =SUMIFS(инфо!$E$15:$E$28,инфо!$A$15:$A$28,F82) -> 14.93 | AI82: =IF(H82=0,0,S82/H82) -> 13.534231 | AJ82: =AI82-AH82 -> -1.3957692 | AK82: =SUMIFS(инфо!$F$15:$F$28,инфо!$A$15:$A$28,F82) -> 0.231 | AL82: =IF(H82=0,0,Y82/H82) -> 0.21153846 | AM82: =AL82-AK82 -> -0.019461538 | AN82: =SUMIFS(инфо!$G$15:$G$28,инфо!$A$15:$A$28,F82) -> 0.046 | AO82: =IF(H82=0,0,AA82/H82) -> 0.021153846 | AP82: =AO82-AN82 -> -0.024846154 | AQ82: =SUMIFS(инфо!$H$15:$H$28,инфо!$A$15:$A$28,F82) -> 0 | AR82: =IF(H81=0,0,AC82/H81) -> 0.44354839 | AS82: =AR82-AQ82 -> 0.44354839 | AT82: =SUMIFS(инфо!$I$15:$I$28,инфо!$A$15:$A$28,F82) -> 0.15 | AU82: =IF(H82=0,0,AD82/H82) -> 0.10576923 | AV82: =AU82-AT82 -> -0.044230769 | AX82: =SUMIFS(инфо!$C$15:$C$28,инфо!$A$15:$A$28,F82)*H81 -> 24304
A83: =A81+1 -> 46109 | B83: 0055 | C83: линия 2 | D83: день | E83: Бекбосынов | F83: 8 волн рифленый | G83: 45 | H83: 2010 | I83: =IFERROR(H83*VLOOKUP(F83,инфо!$A$15:$C$28,3,FALSE)/1000,0) -> 39.396 | J83: 2000 | K83: 84 | L83: 2 | N83: 4603 | Q83: 15211 | R83: 13439 | S83: =SUM(O83:R83) -> 28650 | Y83: 450 | AA83: 45 | AC83: 450 | AD83: 220 | AE83: =SUMIFS(инфо!$D$15:$D$28,инфо!$A$15:$A$28,F83) -> 2.31 | AF83: =IF(H83=0,0,N83/H83) -> 2.2900498 | AG83: =AF83-AE83 -> -0.019950249 | AH83: =SUMIFS(инфо!$E$15:$E$28,инфо!$A$15:$A$28,F83) -> 14.93 | AI83: =IF(H83=0,0,S83/H83) -> 14.253731 | AJ83: =AI83-AH83 -> -0.67626866 | AK83: =SUMIFS(инфо!$F$15:$F$28,инфо!$A$15:$A$28,F83) -> 0.231 | AL83: =IF(H83=0,0,Y83/H83) -> 0.2238806 | AM83: =AL83-AK83 -> -0.007119403 | AN83: =SUMIFS(инфо!$G$15:$G$28,инфо!$A$15:$A$28,F83) -> 0.046 | AO83: =IF(H83=0,0,AA83/H83) -> 0.02238806 | AP83: =AO83-AN83 -> -0.02361194 | AQ83: =SUMIFS(инфо!$H$15:$H$28,инфо!$A$15:$A$28,F83) -> 0 | AR83: =IF(H82=0,0,AC83/H82) -> 0.17307692 | AS83: =AR83-AQ83 -> 0.17307692 | AT83: =SUMIFS(инфо!$I$15:$I$28,инфо!$A$15:$A$28,F83) -> 0.15 | AU83: =IF(H83=0,0,AD83/H83) -> 0.10945274 | AV83: =AU83-AT83 -> -0.040547264 | AX83: =SUMIFS(инфо!$C$15:$C$28,инфо!$A$15:$A$28,F83)*H82 -> 50960
A84: =A82+1 -> 46109 | B84: 0056 | C84: линия 2 | D84: ночь | E84: Монаев | F84: 8 волн рифленый | G84: 51 | H84: 2240 | I84: =IFERROR(H84*VLOOKUP(F84,инфо!$A$15:$C$28,3,FALSE)/1000,0) -> 43.904 | J84: 2250 | K84: 117 | L84: 4 | N84: 5088 | Q84: 16086 | R84: 16636 | S84: =SUM(O84:R84) -> 32722 | Y84: 510 | AA84: 51 | AC84: 510 | AD84: 255 | AE84: =SUMIFS(инфо!$D$15:$D$28,инфо!$A$15:$A$28,F84) -> 2.31 | AF84: =IF(H84=0,0,N84/H84) -> 2.2714286 | AG84: =AF84-AE84 -> -0.038571429 | AH84: =SUMIFS(инфо!$E$15:$E$28,инфо!$A$15:$A$28,F84) -> 14.93 | AI84: =IF(H84=0,0,S84/H84) -> 14.608036 | AJ84: =AI84-AH84 -> -0.32196429 | AK84: =SUMIFS(инфо!$F$15:$F$28,инфо!$A$15:$A$28,F84) -> 0.231 | AL84: =IF(H84=0,0,Y84/H84) -> 0.22767857 | AM84: =AL84-AK84 -> -0.0033214286 | AN84: =SUMIFS(инфо!$G$15:$G$28,инфо!$A$15:$A$28,F84) -> 0.046 | AO84: =IF(H84=0,0,AA84/H84) -> 0.022767857 | AP84: =AO84-AN84 -> -0.023232143 | AQ84: =SUMIFS(инфо!$H$15:$H$28,инфо!$A$15:$A$28,F84) -> 0 | AR84: =IF(H83=0,0,AC84/H83) -> 0.25373134 | AS84: =AR84-AQ84 -> 0.25373134 | AT84: =SUMIFS(инфо!$I$15:$I$28,инфо!$A$15:$A$28,F84) -> 0.15 | AU84: =IF(H84=0,0,AD84/H84) -> 0.11383929 | AV84: =AU84-AT84 -> -0.036160714 | AX84: =SUMIFS(инфо!$C$15:$C$28,инфо!$A$15:$A$28,F84)*H83 -> 39396
A85: =A83+1 -> 46110 | B85: 0057 | C85: линия 2 | D85: день | E85: Султанулы | F85: 8 волн рифленый | G85: 32 | H85: 1300 | I85: =IFERROR(H85*VLOOKUP(F85,инфо!$A$15:$C$28,3,FALSE)/1000,0) -> 25.48 | J85: 1500 | K85: 5 | L85: 2 | N85: 3165 | Q85: 9595 | R85: 10875 | S85: =SUM(O85:R85) -> 20470 | Y85: 320 | AA85: 32 | AC85: 320 | AD85: 160 | AE85: =SUMIFS(инфо!$D$15:$D$28,инфо!$A$15:$A$28,F85) -> 2.31 | AF85: =IF(H85=0,0,N85/H85) -> 2.4346154 | AG85: =AF85-AE85 -> 0.12461538 | AH85: =SUMIFS(инфо!$E$15:$E$28,инфо!$A$15:$A$28,F85) -> 14.93 | AI85: =IF(H85=0,0,S85/H85) -> 15.746154 | AJ85: =AI85-AH85 -> 0.81615385 | AK85: =SUMIFS(инфо!$F$15:$F$28,инфо!$A$15:$A$28,F85) -> 0.231 | AL85: =IF(H85=0,0,Y85/H85) -> 0.24615385 | AM85: =AL85-AK85 -> 0.015153846 | AN85: =SUMIFS(инфо!$G$15:$G$28,инфо!$A$15:$A$28,F85) -> 0.046 | AO85: =IF(H85=0,0,AA85/H85) -> 0.024615385 | AP85: =AO85-AN85 -> -0.021384615 | AQ85: =SUMIFS(инфо!$H$15:$H$28,инфо!$A$15:$A$28,F85) -> 0 | AR85: =IF(H84=0,0,AC85/H84) -> 0.14285714 | AS85: =AR85-AQ85 -> 0.14285714 | AT85: =SUMIFS(инфо!$I$15:$I$28,инфо!$A$15:$A$28,F85) -> 0.15 | AU85: =IF(H85=0,0,AD85/H85) -> 0.12307692 | AV85: =AU85-AT85 -> -0.026923077 | AX85: =SUMIFS(инфо!$C$15:$C$28,инфо!$A$15:$A$28,F85)*H84 -> 43904
A86: =A84+1 -> 46110 | B86: 0058 | C86: линия 2 | D86: ночь | E86: Бекбосынов | F86: 8 волн рифленый | G86: 53 | H86: 2150 | I86: =IFERROR(H86*VLOOKUP(F86,инфо!$A$15:$C$28,3,FALSE)/1000,0) -> 42.14 | J86: 2000 | K86: 18 | L86: 24 | N86: 5749 | Q86: 20452 | R86: 16640 | S86: =SUM(O86:R86) -> 37092 | Y86: 530 | AA86: 55 | AC86: 530 | AD86: 265 | AE86: =SUMIFS(инфо!$D$15:$D$28,инфо!$A$15:$A$28,F86) -> 2.31 | AF86: =IF(H86=0,0,N86/H86) -> 2.6739535 | AG86: =AF86-AE86 -> 0.36395349 | AH86: =SUMIFS(инфо!$E$15:$E$28,инфо!$A$15:$A$28,F86) -> 14.93 | AI86: =IF(H86=0,0,S86/H86) -> 17.252093 | AJ86: =AI86-AH86 -> 2.322093 | AK86: =SUMIFS(инфо!$F$15:$F$28,инфо!$A$15:$A$28,F86) -> 0.231 | AL86: =IF(H86=0,0,Y86/H86) -> 0.24651163 | AM86: =AL86-AK86 -> 0.015511628 | AN86: =SUMIFS(инфо!$G$15:$G$28,инфо!$A$15:$A$28,F86) -> 0.046 | AO86: =IF(H86=0,0,AA86/H86) -> 0.025581395 | AP86: =AO86-AN86 -> -0.020418605 | AQ86: =SUMIFS(инфо!$H$15:$H$28,инфо!$A$15:$A$28,F86) -> 0 | AR86: =IF(H85=0,0,AC86/H85) -> 0.40769231 | AS86: =AR86-AQ86 -> 0.40769231 | AT86: =SUMIFS(инфо!$I$15:$I$28,инфо!$A$15:$A$28,F86) -> 0.15 | AU86: =IF(H86=0,0,AD86/H86) -> 0.12325581 | AV86: =AU86-AT86 -> -0.026744186 | AX86: =SUMIFS(инфо!$C$15:$C$28,инфо!$A$15:$A$28,F86)*H85 -> 25480
A87: =A85+1 -> 46111 | B87: 0059 | C87: линия 2 | D87: день | E87: Дауылбай | F87: 8 волн рифленый | G87: 49 | H87: 2050 | I87: =IFERROR(H87*VLOOKUP(F87,инфо!$A$15:$C$28,3,FALSE)/1000,0) -> 40.18 | J87: 2000 | K87: 63 | L87: 3 | N87: 4469 | Q87: 14079 | R87: 14715 | S87: =SUM(O87:R87) -> 28794 | Y87: 450 | AA87: 51 | AC87: 450 | AD87: 225 | AE87: =SUMIFS(инфо!$D$15:$D$28,инфо!$A$15:$A$28,F87) -> 2.31 | AF87: =IF(H87=0,0,N87/H87) -> 2.18 | AG87: =AF87-AE87 -> -0.13 | AH87: =SUMIFS(инфо!$E$15:$E$28,инфо!$A$15:$A$28,F87) -> 14.93 | AI87: =IF(H87=0,0,S87/H87) -> 14.045854 | AJ87: =AI87-AH87 -> -0.88414634 | AK87: =SUMIFS(инфо!$F$15:$F$28,инфо!$A$15:$A$28,F87) -> 0.231 | AL87: =IF(H87=0,0,Y87/H87) -> 0.2195122 | AM87: =AL87-AK87 -> -0.011487805 | AN87: =SUMIFS(инфо!$G$15:$G$28,инфо!$A$15:$A$28,F87) -> 0.046 | AO87: =IF(H87=0,0,AA87/H87) -> 0.024878049 | AP87: =AO87-AN87 -> -0.021121951 | AQ87: =SUMIFS(инфо!$H$15:$H$28,инфо!$A$15:$A$28,F87) -> 0 | AR87: =IF(H86=0,0,AC87/H86) -> 0.20930233 | AS87: =AR87-AQ87 -> 0.20930233 | AT87: =SUMIFS(инфо!$I$15:$I$28,инфо!$A$15:$A$28,F87) -> 0.15 | AU87: =IF(H87=0,0,AD87/H87) -> 0.1097561 | AV87: =AU87-AT87 -> -0.040243902 | AX87: =SUMIFS(инфо!$C$15:$C$28,инфо!$A$15:$A$28,F87)*H86 -> 42140
A88: =A86+1 -> 46111 | B88: 0060 | C88: линия 2 | D88: ночь | E88: Султанулы | F88: 8 волн рифленый | G88: 56 | H88: 2580 | I88: =IFERROR(H88*VLOOKUP(F88,инфо!$A$15:$C$28,3,FALSE)/1000,0) -> 50.568 | J88: 2500 | L88: 6 | N88: 5539 | Q88: 18539 | R88: 17277 | S88: =SUM(O88:R88) -> 35816 | Y88: 560 | AA88: 112 | AC88: 560 | AD88: 280 | AE88: =SUMIFS(инфо!$D$15:$D$28,инфо!$A$15:$A$28,F88) -> 2.31 | AF88: =IF(H88=0,0,N88/H88) -> 2.1468992 | AG88: =AF88-AE88 -> -0.16310078 | AH88: =SUMIFS(инфо!$E$15:$E$28,инфо!$A$15:$A$28,F88) -> 14.93 | AI88: =IF(H88=0,0,S88/H88) -> 13.882171 | AJ88: =AI88-AH88 -> -1.0478295 | AK88: =SUMIFS(инфо!$F$15:$F$28,инфо!$A$15:$A$28,F88) -> 0.231 | AL88: =IF(H88=0,0,Y88/H88) -> 0.21705426 | AM88: =AL88-AK88 -> -0.013945736 | AN88: =SUMIFS(инфо!$G$15:$G$28,инфо!$A$15:$A$28,F88) -> 0.046 | AO88: =IF(H88=0,0,AA88/H88) -> 0.043410853 | AP88: =AO88-AN88 -> -0.0025891473 | AQ88: =SUMIFS(инфо!$H$15:$H$28,инфо!$A$15:$A$28,F88) -> 0 | AR88: =IF(H87=0,0,AC88/H87) -> 0.27317073 | AS88: =AR88-AQ88 -> 0.27317073 | AT88: =SUMIFS(инфо!$I$15:$I$28,инфо!$A$15:$A$28,F88) -> 0.15 | AU88: =IF(H88=0,0,AD88/H88) -> 0.10852713 | AV88: =AU88-AT88 -> -0.041472868 | AX88: =SUMIFS(инфо!$C$15:$C$28,инфо!$A$15:$A$28,F88)*H87 -> 40180
A89: =A87+1 -> 46112 | B89: 0061 | C89: линия 2 | D89: день | E89: Монаев | F89: 8 волн рифленый | G89: 5 | H89: 190 | I89: =IFERROR(H89*VLOOKUP(F89,инфо!$A$15:$C$28,3,FALSE)/1000,0) -> 3.724 | N89: 480 | Q89: 1920 | R89: 1279 | S89: =SUM(O89:R89) -> 3199 | Y89: 50 | AA89: 10 | AC89: 50 | AE89: =SUMIFS(инфо!$D$15:$D$28,инфо!$A$15:$A$28,F89) -> 2.31 | AF89: =IF(H89=0,0,N89/H89) -> 2.5263158 | AG89: =AF89-AE89 -> 0.21631579 | AH89: =SUMIFS(инфо!$E$15:$E$28,инфо!$A$15:$A$28,F89) -> 14.93 | AI89: =IF(H89=0,0,S89/H89) -> 16.836842 | AJ89: =AI89-AH89 -> 1.9068421 | AK89: =SUMIFS(инфо!$F$15:$F$28,инфо!$A$15:$A$28,F89) -> 0.231 | AL89: =IF(H89=0,0,Y89/H89) -> 0.26315789 | AM89: =AL89-AK89 -> 0.032157895 | AN89: =SUMIFS(инфо!$G$15:$G$28,инфо!$A$15:$A$28,F89) -> 0.046 | AO89: =IF(H89=0,0,AA89/H89) -> 0.052631579 | AP89: =AO89-AN89 -> 0.0066315789 | AQ89: =SUMIFS(инфо!$H$15:$H$28,инфо!$A$15:$A$28,F89) -> 0 | AR89: =IF(H88=0,0,AC89/H88) -> 0.019379845 | AS89: =AR89-AQ89 -> 0.019379845 | AT89: =SUMIFS(инфо!$I$15:$I$28,инфо!$A$15:$A$28,F89) -> 0.15 | AU89: =IF(H89=0,0,AD89/H89) -> 0 | AV89: =AU89-AT89 -> -0.15 | AX89: =SUMIFS(инфо!$C$15:$C$28,инфо!$A$15:$A$28,F89)*H88 -> 50568
A90: =A88+1 -> 46112 | B90: 0062 | C90: линия 2 | D90: ночь | E90: Дауылбай | F90: 8 волн рифленый | G90: 53 | H90: 2450 | I90: =IFERROR(H90*VLOOKUP(F90,инфо!$A$15:$C$28,3,FALSE)/1000,0) -> 48.02 | J90: 2500 | K90: 31 | L90: 6 | M90: 175 | N90: 5330 | Q90: 18572 | R90: 15353 | S90: =SUM(O90:R90) -> 33925 | Y90: 530 | AA90: 106 | AC90: 530 | AD90: 180 | AE90: =SUMIFS(инфо!$D$15:$D$28,инфо!$A$15:$A$28,F90) -> 2.31 | AF90: =IF(H90=0,0,N90/H90) -> 2.1755102 | AG90: =AF90-AE90 -> -0.1344898 | AH90: =SUMIFS(инфо!$E$15:$E$28,инфо!$A$15:$A$28,F90) -> 14.93 | AI90: =IF(H90=0,0,S90/H90) -> 13.846939 | AJ90: =AI90-AH90 -> -1.0830612 | AK90: =SUMIFS(инфо!$F$15:$F$28,инфо!$A$15:$A$28,F90) -> 0.231 | AL90: =IF(H90=0,0,Y90/H90) -> 0.21632653 | AM90: =AL90-AK90 -> -0.014673469 | AN90: =SUMIFS(инфо!$G$15:$G$28,инфо!$A$15:$A$28,F90) -> 0.046 | AO90: =IF(H90=0,0,AA90/H90) -> 0.043265306 | AP90: =AO90-AN90 -> -0.0027346939 | AQ90: =SUMIFS(инфо!$H$15:$H$28,инфо!$A$15:$A$28,F90) -> 0 | AR90: =IF(H89=0,0,AC90/H89) -> 2.7894737 | AS90: =AR90-AQ90 -> 2.7894737 | AT90: =SUMIFS(инфо!$I$15:$I$28,инфо!$A$15:$A$28,F90) -> 0.15 | AU90: =IF(H90=0,0,AD90/H90) -> 0.073469388 | AV90: =AU90-AT90 -> -0.076530612 | AX90: =SUMIFS(инфо!$C$15:$C$28,инфо!$A$15:$A$28,F90)*H89 -> 3724
A91: =A89+1 -> 46113 | B91: 0063 | C91: линия 2 | D91: день | E91: Бекбосынов | F91: 8 волн рифленый | G91: 43 | H91: 1970 | I91: =IFERROR(H91*VLOOKUP(F91,инфо!$A$15:$C$28,3,FALSE)/1000,0) -> 38.612 | J91: 2000 | K91: 30 | L91: 2 | M91: 140 | N91: 4326 | Q91: 15358 | R91: 12151 | S91: =SUM(O91:R91) -> 27509 | Y91: 430 | AA91: 86 | AC91: 430 | AD91: 100 | AE91: =SUMIFS(инфо!$D$15:$D$28,инфо!$A$15:$A$28,F91) -> 2.31 | AF91: =IF(H91=0,0,N91/H91) -> 2.1959391 | AG91: =AF91-AE91 -> -0.11406091 | AH91: =SUMIFS(инфо!$E$15:$E$28,инфо!$A$15:$A$28,F91) -> 14.93 | AI91: =IF(H91=0,0,S91/H91) -> 13.963959 | AJ91: =AI91-AH91 -> -0.96604061 | AK91: =SUMIFS(инфо!$F$15:$F$28,инфо!$A$15:$A$28,F91) -> 0.231 | AL91: =IF(H91=0,0,Y91/H91) -> 0.21827411 | AM91: =AL91-AK91 -> -0.012725888 | AN91: =SUMIFS(инфо!$G$15:$G$28,инфо!$A$15:$A$28,F91) -> 0.046 | AO91: =IF(H91=0,0,AA91/H91) -> 0.043654822 | AP91: =AO91-AN91 -> -0.0023451777 | AQ91: =SUMIFS(инфо!$H$15:$H$28,инфо!$A$15:$A$28,F91) -> 0 | AR91: =IF(H90=0,0,AC91/H90) -> 0.1755102 | AS91: =AR91-AQ91 -> 0.1755102 | AT91: =SUMIFS(инфо!$I$15:$I$28,инфо!$A$15:$A$28,F91) -> 0.15 | AU91: =IF(H91=0,0,AD91/H91) -> 0.050761421 | AV91: =AU91-AT91 -> -0.099238579 | AX91: =SUMIFS(инфо!$C$15:$C$28,инфо!$A$15:$A$28,F91)*H90 -> 48020
A92: =A90+1 -> 46113 | B92: 0064 | C92: линия 2 | D92: ночь | E92: Монаев | F92: 8 волн рифленый | G92: 65 | H92: 3000 | I92: =IFERROR(H92*VLOOKUP(F92,инфо!$A$15:$C$28,3,FALSE)/1000,0) -> 58.8 | J92: 2750 | K92: 37 | L92: 1 | M92: 70 | N92: 6509 | Q92: 20490 | R92: 21087 | S92: =SUM(O92:R92) -> 41577 | Y92: 650 | AA92: 130 | AC92: 400 | AD92: 200 | AE92: =SUMIFS(инфо!$D$15:$D$28,инфо!$A$15:$A$28,F92) -> 2.31 | AF92: =IF(H92=0,0,N92/H92) -> 2.1696667 | AG92: =AF92-AE92 -> -0.14033333 | AH92: =SUMIFS(инфо!$E$15:$E$28,инфо!$A$15:$A$28,F92) -> 14.93 | AI92: =IF(H92=0,0,S92/H92) -> 13.859 | AJ92: =AI92-AH92 -> -1.071 | AK92: =SUMIFS(инфо!$F$15:$F$28,инфо!$A$15:$A$28,F92) -> 0.231 | AL92: =IF(H92=0,0,Y92/H92) -> 0.21666667 | AM92: =AL92-AK92 -> -0.014333333 | AN92: =SUMIFS(инфо!$G$15:$G$28,инфо!$A$15:$A$28,F92) -> 0.046 | AO92: =IF(H92=0,0,AA92/H92) -> 0.043333333 | AP92: =AO92-AN92 -> -0.0026666667 | AQ92: =SUMIFS(инфо!$H$15:$H$28,инфо!$A$15:$A$28,F92) -> 0 | AR92: =IF(H91=0,0,AC92/H91) -> 0.20304569 | AS92: =AR92-AQ92 -> 0.20304569 | AT92: =SUMIFS(инфо!$I$15:$I$28,инфо!$A$15:$A$28,F92) -> 0.15 | AU92: =IF(H92=0,0,AD92/H92) -> 0.066666667 | AV92: =AU92-AT92 -> -0.083333333 | AX92: =SUMIFS(инфо!$C$15:$C$28,инфо!$A$15:$A$28,F92)*H91 -> 38612
A93: =A91+1 -> 46114 | B93: 0065 | C93: линия 2 | D93: день | E93: Султанулы | F93: 8 волн рифленый | G93: 59 | H93: 2460 | I93: =IFERROR(H93*VLOOKUP(F93,инфо!$A$15:$C$28,3,FALSE)/1000,0) -> 48.216 | J93: 2500 | K93: 5 | L93: 4 | M93: 26 | N93: 5909 | Q93: 19197 | R93: 18531 | S93: =SUM(O93:R93) -> 37728 | Y93: 590 | AA93: 118 | AC93: 450 | AD93: 295 | AE93: =SUMIFS(инфо!$D$15:$D$28,инфо!$A$15:$A$28,F93) -> 2.31 | AF93: =IF(H93=0,0,N93/H93) -> 2.4020325 | AG93: =AF93-AE93 -> 0.09203252 | AH93: =SUMIFS(инфо!$E$15:$E$28,инфо!$A$15:$A$28,F93) -> 14.93 | AI93: =IF(H93=0,0,S93/H93) -> 15.336585 | AJ93: =AI93-AH93 -> 0.40658537 | AK93: =SUMIFS(инфо!$F$15:$F$28,инфо!$A$15:$A$28,F93) -> 0.231 | AL93: =IF(H93=0,0,Y93/H93) -> 0.2398374 | AM93: =AL93-AK93 -> 0.0088373984 | AN93: =SUMIFS(инфо!$G$15:$G$28,инфо!$A$15:$A$28,F93) -> 0.046 | AO93: =IF(H93=0,0,AA93/H93) -> 0.04796748 | AP93: =AO93-AN93 -> 0.0019674797 | AQ93: =SUMIFS(инфо!$H$15:$H$28,инфо!$A$15:$A$28,F93) -> 0 | AR93: =IF(H92=0,0,AC93/H92) -> 0.15 | AS93: =AR93-AQ93 -> 0.15 | AT93: =SUMIFS(инфо!$I$15:$I$28,инфо!$A$15:$A$28,F93) -> 0.15 | AU93: =IF(H93=0,0,AD93/H93) -> 0.1199187 | AV93: =AU93-AT93 -> -0.030081301 | AX93: =SUMIFS(инфо!$C$15:$C$28,инфо!$A$15:$A$28,F93)*H92 -> 58800
A94: =A92+1 -> 46114 | B94: 0066 | C94: линия 2 | D94: ночь | E94: Бекбосынов | F94: 8 волн рифленый | G94: 57 | H94: 2660 | I94: =IFERROR(H94*VLOOKUP(F94,инфо!$A$15:$C$28,3,FALSE)/1000,0) -> 52.136 | J94: 2750 | K94: 10 | L94: 20 | M94: 86 | N94: 5842 | Q94: 12486 | R94: 23659 | S94: =SUM(O94:R94) -> 36145 | Y94: 560 | AA94: 114 | AC94: 545 | AD94: 245 | AE94: =SUMIFS(инфо!$D$15:$D$28,инфо!$A$15:$A$28,F94) -> 2.31 | AF94: =IF(H94=0,0,N94/H94) -> 2.1962406 | AG94: =AF94-AE94 -> -0.1137594 | AH94: =SUMIFS(инфо!$E$15:$E$28,инфо!$A$15:$A$28,F94) -> 14.93 | AI94: =IF(H94=0,0,S94/H94) -> 13.588346 | AJ94: =AI94-AH94 -> -1.3416541 | AK94: =SUMIFS(инфо!$F$15:$F$28,инфо!$A$15:$A$28,F94) -> 0.231 | AL94: =IF(H94=0,0,Y94/H94) -> 0.21052632 | AM94: =AL94-AK94 -> -0.020473684 | AN94: =SUMIFS(инфо!$G$15:$G$28,инфо!$A$15:$A$28,F94) -> 0.046 | AO94: =IF(H94=0,0,AA94/H94) -> 0.042857143 | AP94: =AO94-AN94 -> -0.0031428571 | AQ94: =SUMIFS(инфо!$H$15:$H$28,инфо!$A$15:$A$28,F94) -> 0 | AR94: =IF(H93=0,0,AC94/H93) -> 0.22154472 | AS94: =AR94-AQ94 -> 0.22154472 | AT94: =SUMIFS(инфо!$I$15:$I$28,инфо!$A$15:$A$28,F94) -> 0.15 | AU94: =IF(H94=0,0,AD94/H94) -> 0.092105263 | AV94: =AU94-AT94 -> -0.057894737 | AX94: =SUMIFS(инфо!$C$15:$C$28,инфо!$A$15:$A$28,F94)*H93 -> 48216
A95: =A93+1 -> 46115 | B95: 0067 | C95: линия 2 | D95: день | E95: Дауылбай | F95: 8 волн рифленый | G95: 15 | H95: 700 | I95: =IFERROR(H95*VLOOKUP(F95,инфо!$A$15:$C$28,3,FALSE)/1000,0) -> 13.72 | J95: 1000 | K95: 14 | L95: 1 | M95: 58 | N95: 1504 | Q95: 4875 | R95: 5114 | S95: =SUM(O95:R95) -> 9989 | Y95: 150 | AA95: 30 | AC95: 150 | AD95: 55 | AE95: =SUMIFS(инфо!$D$15:$D$28,инфо!$A$15:$A$28,F95) -> 2.31 | AF95: =IF(H95=0,0,N95/H95) -> 2.1485714 | AG95: =AF95-AE95 -> -0.16142857 | AH95: =SUMIFS(инфо!$E$15:$E$28,инфо!$A$15:$A$28,F95) -> 14.93 | AI95: =IF(H95=0,0,S95/H95) -> 14.27 | AJ95: =AI95-AH95 -> -0.66 | AK95: =SUMIFS(инфо!$F$15:$F$28,инфо!$A$15:$A$28,F95) -> 0.231 | AL95: =IF(H95=0,0,Y95/H95) -> 0.21428571 | AM95: =AL95-AK95 -> -0.016714286 | AN95: =SUMIFS(инфо!$G$15:$G$28,инфо!$A$15:$A$28,F95) -> 0.046 | AO95: =IF(H95=0,0,AA95/H95) -> 0.042857143 | AP95: =AO95-AN95 -> -0.0031428571 | AQ95: =SUMIFS(инфо!$H$15:$H$28,инфо!$A$15:$A$28,F95) -> 0 | AR95: =IF(H94=0,0,AC95/H94) -> 0.056390977 | AS95: =AR95-AQ95 -> 0.056390977 | AT95: =SUMIFS(инфо!$I$15:$I$28,инфо!$A$15:$A$28,F95) -> 0.15 | AU95: =IF(H95=0,0,AD95/H95) -> 0.078571429 | AV95: =AU95-AT95 -> -0.071428571 | AX95: =SUMIFS(инфо!$C$15:$C$28,инфо!$A$15:$A$28,F95)*H94 -> 52136
A96: =A94+1 -> 46115 | B96: 0068 | C96: линия 2 | D96: ночь | E96: Султанулы | F96: 8 волн рифленый | G96: 31 | H96: 1250 | I96: =IFERROR(H96*VLOOKUP(F96,инфо!$A$15:$C$28,3,FALSE)/1000,0) -> 24.5 | J96: 750 | K96: 6 | M96: 101 | N96: 3138 | Q96: 10183 | R96: 9590 | S96: =SUM(O96:R96) -> 19773 | Y96: 310 | AA96: 62 | AC96: 310 | AD96: 155 | AE96: =SUMIFS(инфо!$D$15:$D$28,инфо!$A$15:$A$28,F96) -> 2.31 | AF96: =IF(H96=0,0,N96/H96) -> 2.5104 | AG96: =AF96-AE96 -> 0.2004 | AH96: =SUMIFS(инфо!$E$15:$E$28,инфо!$A$15:$A$28,F96) -> 14.93 | AI96: =IF(H96=0,0,S96/H96) -> 15.8184 | AJ96: =AI96-AH96 -> 0.8884 | AK96: =SUMIFS(инфо!$F$15:$F$28,инфо!$A$15:$A$28,F96) -> 0.231 | AL96: =IF(H96=0,0,Y96/H96) -> 0.248 | AM96: =AL96-AK96 -> 0.017 | AN96: =SUMIFS(инфо!$G$15:$G$28,инфо!$A$15:$A$28,F96) -> 0.046 | AO96: =IF(H96=0,0,AA96/H96) -> 0.0496 | AP96: =AO96-AN96 -> 0.0036 | AQ96: =SUMIFS(инфо!$H$15:$H$28,инфо!$A$15:$A$28,F96) -> 0 | AR96: =IF(H95=0,0,AC96/H95) -> 0.44285714 | AS96: =AR96-AQ96 -> 0.44285714 | AT96: =SUMIFS(инфо!$I$15:$I$28,инфо!$A$15:$A$28,F96) -> 0.15 | AU96: =IF(H96=0,0,AD96/H96) -> 0.124 | AV96: =AU96-AT96 -> -0.026 | AX96: =SUMIFS(инфо!$C$15:$C$28,инфо!$A$15:$A$28,F96)*H95 -> 13720
A97: =A95+1 -> 46116 | B97: 0069 | C97: линия 2 | D97: день | E97: Монаев | F97: 8 волн рифленый | G97: 58 | H97: 2700 | I97: =IFERROR(H97*VLOOKUP(F97,инфо!$A$15:$C$28,3,FALSE)/1000,0) -> 52.92 | J97: 2750 | K97: 23 | L97: 14 | M97: 85 | N97: 5718 | Q97: 18588 | R97: 18552 | S97: =SUM(O97:R97) -> 37140 | Y97: 580 | AA97: 116 | AC97: 580 | AD97: 290 | AE97: =SUMIFS(инфо!$D$15:$D$28,инфо!$A$15:$A$28,F97) -> 2.31 | AF97: =IF(H97=0,0,N97/H97) -> 2.1177778 | AG97: =AF97-AE97 -> -0.19222222 | AH97: =SUMIFS(инфо!$E$15:$E$28,инфо!$A$15:$A$28,F97) -> 14.93 | AI97: =IF(H97=0,0,S97/H97) -> 13.755556 | AJ97: =AI97-AH97 -> -1.1744444 | AK97: =SUMIFS(инфо!$F$15:$F$28,инфо!$A$15:$A$28,F97) -> 0.231 | AL97: =IF(H97=0,0,Y97/H97) -> 0.21481481 | AM97: =AL97-AK97 -> -0.016185185 | AN97: =SUMIFS(инфо!$G$15:$G$28,инфо!$A$15:$A$28,F97) -> 0.046 | AO97: =IF(H97=0,0,AA97/H97) -> 0.042962963 | AP97: =AO97-AN97 -> -0.003037037 | AQ97: =SUMIFS(инфо!$H$15:$H$28,инфо!$A$15:$A$28,F97) -> 0 | AR97: =IF(H96=0,0,AC97/H96) -> 0.464 | AS97: =AR97-AQ97 -> 0.464 | AT97: =SUMIFS(инфо!$I$15:$I$28,инфо!$A$15:$A$28,F97) -> 0.15 | AU97: =IF(H97=0,0,AD97/H97) -> 0.10740741 | AV97: =AU97-AT97 -> -0.042592593 | AX97: =SUMIFS(инфо!$C$15:$C$28,инфо!$A$15:$A$28,F97)*H96 -> 24500
A98: =A96+1 -> 46116 | B98: 0070 | C98: линия 2 | D98: ночь | E98: Дауылбай | F98: 8 волн рифленый | G98: 72 | H98: 3380 | I98: =IFERROR(H98*VLOOKUP(F98,инфо!$A$15:$C$28,3,FALSE)/1000,0) -> 66.248 | J98: 3250 | K98: 6 | L98: 29 | M98: 57 | N98: 7233 | Q98: 22371 | R98: 23673 | S98: =SUM(O98:R98) -> 46044 | Y98: 720 | AA98: 144 | AC98: 720 | AD98: 205 | AE98: =SUMIFS(инфо!$D$15:$D$28,инфо!$A$15:$A$28,F98) -> 2.31 | AF98: =IF(H98=0,0,N98/H98) -> 2.1399408 | AG98: =AF98-AE98 -> -0.17005917 | AH98: =SUMIFS(инфо!$E$15:$E$28,инфо!$A$15:$A$28,F98) -> 14.93 | AI98: =IF(H98=0,0,S98/H98) -> 13.622485 | AJ98: =AI98-AH98 -> -1.3075148 | AK98: =SUMIFS(инфо!$F$15:$F$28,инфо!$A$15:$A$28,F98) -> 0.231 | AL98: =IF(H98=0,0,Y98/H98) -> 0.21301775 | AM98: =AL98-AK98 -> -0.017982249 | AN98: =SUMIFS(инфо!$G$15:$G$28,инфо!$A$15:$A$28,F98) -> 0.046 | AO98: =IF(H98=0,0,AA98/H98) -> 0.04260355 | AP98: =AO98-AN98 -> -0.0033964497 | AQ98: =SUMIFS(инфо!$H$15:$H$28,инфо!$A$15:$A$28,F98) -> 0 | AR98: =IF(H97=0,0,AC98/H97) -> 0.26666667 | AS98: =AR98-AQ98 -> 0.26666667 | AT98: =SUMIFS(инфо!$I$15:$I$28,инфо!$A$15:$A$28,F98) -> 0.15 | AU98: =IF(H98=0,0,AD98/H98) -> 0.060650888 | AV98: =AU98-AT98 -> -0.089349112 | AX98: =SUMIFS(инфо!$C$15:$C$28,инфо!$A$15:$A$28,F98)*H97 -> 52920
A99: =A97+1 -> 46117 | B99: 0071 | C99: линия 2 | D99: день | E99: Бекбосынов | F99: 8 волн рифленый | G99: 54 | H99: 2500 | I99: =IFERROR(H99*VLOOKUP(F99,инфо!$A$15:$C$28,3,FALSE)/1000,0) -> 49 | J99: 2750 | K99: 12 | L99: 9 | M99: 107 | N99: 5494 | Q99: 18110 | R99: 17243 | S99: =SUM(O99:R99) -> 35353 | Y99: 540 | AA99: 108 | AC99: 500 | AD99: 240 | AE99: =SUMIFS(инфо!$D$15:$D$28,инфо!$A$15:$A$28,F99) -> 2.31 | AF99: =IF(H99=0,0,N99/H99) -> 2.1976 | AG99: =AF99-AE99 -> -0.1124 | AH99: =SUMIFS(инфо!$E$15:$E$28,инфо!$A$15:$A$28,F99) -> 14.93 | AI99: =IF(H99=0,0,S99/H99) -> 14.1412 | AJ99: =AI99-AH99 -> -0.7888 | AK99: =SUMIFS(инфо!$F$15:$F$28,инфо!$A$15:$A$28,F99) -> 0.231 | AL99: =IF(H99=0,0,Y99/H99) -> 0.216 | AM99: =AL99-AK99 -> -0.015 | AN99: =SUMIFS(инфо!$G$15:$G$28,инфо!$A$15:$A$28,F99) -> 0.046 | AO99: =IF(H99=0,0,AA99/H99) -> 0.0432 | AP99: =AO99-AN99 -> -0.0028 | AQ99: =SUMIFS(инфо!$H$15:$H$28,инфо!$A$15:$A$28,F99) -> 0 | AR99: =IF(H98=0,0,AC99/H98) -> 0.14792899 | AS99: =AR99-AQ99 -> 0.14792899 | AT99: =SUMIFS(инфо!$I$15:$I$28,инфо!$A$15:$A$28,F99) -> 0.15 | AU99: =IF(H99=0,0,AD99/H99) -> 0.096 | AV99: =AU99-AT99 -> -0.054 | AX99: =SUMIFS(инфо!$C$15:$C$28,инфо!$A$15:$A$28,F99)*H98 -> 66248
A100: =A98+1 -> 46117 | B100: 0072 | C100: линия 2 | D100: ночь | E100: Монаев | F100: 8 волн рифленый | G100: 69 | H100: 3080 | I100: =IFERROR(H100*VLOOKUP(F100,инфо!$A$15:$C$28,3,FALSE)/1000,0) -> 60.368 | J100: 2750 | K100: 20 | L100: 20 | M100: 90 | N100: 7009 | Q100: 21715 | R100: 22399 | S100: =SUM(O100:R100) -> 44114 | Y100: 690 | AA100: 138 | AC100: 690 | AD100: 0 | AE100: =SUMIFS(инфо!$D$15:$D$28,инфо!$A$15:$A$28,F100) -> 2.31 | AF100: =IF(H100=0,0,N100/H100) -> 2.2756494 | AG100: =AF100-AE100 -> -0.034350649 | AH100: =SUMIFS(инфо!$E$15:$E$28,инфо!$A$15:$A$28,F100) -> 14.93 | AI100: =IF(H100=0,0,S100/H100) -> 14.322727 | AJ100: =AI100-AH100 -> -0.60727273 | AK100: =SUMIFS(инфо!$F$15:$F$28,инфо!$A$15:$A$28,F100) -> 0.231 | AL100: =IF(H100=0,0,Y100/H100) -> 0.22402597 | AM100: =AL100-AK100 -> -0.006974026 | AN100: =SUMIFS(инфо!$G$15:$G$28,инфо!$A$15:$A$28,F100) -> 0.046 | AO100: =IF(H100=0,0,AA100/H100) -> 0.044805195 | AP100: =AO100-AN100 -> -0.0011948052 | AQ100: =SUMIFS(инфо!$H$15:$H$28,инфо!$A$15:$A$28,F100) -> 0 | AR100: =IF(H99=0,0,AC100/H99) -> 0.276 | AS100: =AR100-AQ100 -> 0.276 | AT100: =SUMIFS(инфо!$I$15:$I$28,инфо!$A$15:$A$28,F100) -> 0.15 | AU100: =IF(H100=0,0,AD100/H100) -> 0 | AV100: =AU100-AT100 -> -0.15 | AX100: =SUMIFS(инфо!$C$15:$C$28,инфо!$A$15:$A$28,F100)*H99 -> 49000
...

Sheet Простои
A1: Дата | B1: Мастер | C1: Cмена | D1: Причина простоя | E1: Начало | F1: Конец | G1: Время | I1: Дата | J1: Мастер | K1: Cмена | L1: Причина простоя | M1: Начало | N1: Конец | O1: Время
A2: 46082 | B2: Султанулы | C2: день | D2: Поменяли (сукно).Для инфармций:Поменяли форматный барабан,поменяли сукно валик рассыпался подшипник,поменяли нож,чистили желоб,чистили сплинкерную трубу,убрали вокруг машины | E2: 0.33333333 | F2: 0.4875 | G2: =F2-E2 -> 0.15416667 | I2: 46082 | K2: ночь | M2: 0 | N2: 0 | O2: =N2-M2 -> 0
E3: 0 | F3: 0 | G3: =F3-E3 -> 0 | M3: 0 | N3: 0 | O3: =N3-M3 -> 0
E4: 0 | F4: 0 | G4: =F4-E4 -> 0 | M4: 0 | N4: 0 | O4: =N4-M4 -> 0
E5: 0 | F5: 0 | G5: =F5-E5 -> 0 | M5: 0 | N5: 0 | O5: =N5-M5 -> 0
E6: 0 | F6: 0 | G6: =F6-E6 -> 0 | M6: 0 | N6: 0 | O6: =N6-M6 -> 0
E7: 0 | F7: 0 | G7: =F7-E7 -> 0 | M7: 0 | N7: 0 | O7: =N7-M7 -> 0
E8: 0 | F8: 0 | G8: =F8-E8 -> 0 | M8: 0 | N8: 0 | O8: =N8-M8 -> 0
E9: 0 | F9: 0 | G9: =F9-E9 -> 0 | M9: 0 | N9: 0 | O9: =N9-M9 -> 0
G10: =SUM(G2:G9) -> 0.15416667 | O10: =SUM(O2,O9) -> 0
A11: =A2+1 -> 46083 | B11: Дауылбай | C11: день | D11: Передвинулй спомагателный трубовалик возле барабана | E11: 0.70486111 | F11: 0.72222222 | G11: =F11-E11 -> 0.017361111 | I11: =I2+1 -> 46083 | J11: Султанулы | K11: ночь | L11: Санитарный день! Сняли все с/цилиндр и очистили все ванны.Очистили премный каропку.Почистили гомагинизатор и желоб.Сплинкерную трубу очистили кислатой.Заменили №2-3 с/цилиндр №1 с/цилиндр промыли и поставили обратно.Очистили верхний и нижний вакуум.Почистили ресивер.Подняли падемник на валнировке и очистили.Прочистили вокруг машины и вакуумный насос,трубы,двигатель,редуктор протрёли.Во всём цехе сделали уборку. | M11: 0.79166667 | N11: 0.33333333 | O11: 13.541667
E12: 0 | F12: 0 | G12: =F12-E12 -> 0 | M12: 0 | N12: 0 | O12: =N12-M12 -> 0
E13: 0 | F13: 0 | G13: =F13-E13 -> 0 | M13: 0 | N13: 0 | O13: =N13-M13 -> 0
E14: 0 | F14: 0 | G14: =F14-E14 -> 0 | M14: 0 | N14: 0 | O14: =N14-M14 -> 0
E15: 0 | F15: 0 | G15: =F15-E15 -> 0 | M15: 0 | N15: 0 | O15: =N15-M15 -> 0
E16: 0 | F16: 0 | G16: =F16-E16 -> 0 | M16: 0 | N16: 0 | O16: =N16-M16 -> 0
E17: 0 | F17: 0 | G17: =F17-E17 -> 0 | M17: 0 | N17: 0 | O17: =N17-M17 -> 0
E18: 0 | F18: 0 | G18: =F18-E18 -> 0 | M18: 0 | N18: 0 | O18: =N18-M18 -> 0
G19: =SUM(G11,G18) -> 0.017361111 | O19: =SUM(O11,O18) -> 13.541667
A20: =A11+1 -> 46084 | B20: Монаев | C20: день | D20: Замена ф/барабан,варили редуктор натяжка т/сукно,замена подшипник поддерживающие т/валик | E20: 0.33333333 | F20: 0.47916667 | G20: =F20-E20 -> 0.14583333 | I20: =I11+1 -> 46084 | J20: Дауылбай | K20: ночь | L20: выробатали массу промылй тех-сукно на холостом | M20: 0.80902778 | N20: 0.83680556 | O20: =N20-M20 -> 0.027777778
D21: 2 лопастной мешалке срезло шпонка,заменили | E21: 0.52083333 | F21: 0.53958333 | G21: =F21-E21 -> 0.01875 | L21: выроботалй массу останавилй машину на переделку вакумнгых труб | M21: 0.90972222 | N21: 1.0243056 | O21: =N21-M21 -> 0.11458333
E22: 0 | F22: 0 | G22: =F22-E22 -> 0 | L22: Ершеня начил опят промылй кислотолй формовачный барабан поменялй | M22: 0.1875 | N22: 0.20138889 | O22: =N22-M22 -> 0.013888889
E23: 0 | F23: 0 | G23: =F23-E23 -> 0 | L23: останавилй сливалй один замес старую массу | M23: 0.20833333 | N23: 0.24305556 | O23: =N23-M23 -> 0.034722222
E24: 0 | F24: 0 | G24: =F24-E24 -> 0 | L24: выролботалй массу останавилй машину промываем техсукно ерщеня не отходить. | M24: 0.26388889 | N24: 0.33333333 | O24: =N24-M24 -> 0.069444444
E25: 0 | F25: 0 | G25: =F25-E25 -> 0 | M25: 0 | N25: 0 | O25: =N25-M25 -> 0
E26: 0 | F26: 0 | G26: =F26-E26 -> 0 | M26: 0 | N26: 0 | O26: =N26-M26 -> 0
E27: 0 | F27: 0 | G27: =F27-E27 -> 0 | M27: 0 | N27: 0 | O27: =N27-M27 -> 0
G28: =SUM(G20:G27) -> 0.16458333 | O28: =SUM(O20:O27) -> 0.26041667
A29: =A20+1 -> 46085 | B29: Бекбосынов | C29: день | D29: поменяли грязный 1 насос и 2 раза переделовали вакумный насос | E29: 0.33333333 | F29: 0.6 | G29: =F29-E29 -> 0.26666667 | I29: =I20+1 -> 46085 | J29: Монаев | K29: ночь | L29: промывка т/сукно | M29: 0.95833333 | N29: 0 | O29: 0.020833333
E30: 0 | F30: 0 | G30: =F30-E30 -> 0 | L30: повторно промывка т/сукно из-за ершение | M30: 0.013888889 | N30: 0.041666667 | O30: =N30-M30 -> 0.027777778
E31: 0 | F31: 0 | G31: =F31-E31 -> 0 | L31: из-за ершение останавили машину,промывали ф/барабан с кислотой | M31: 0.083333333 | N31: 0.125 | O31: =N31-M31 -> 0.041666667
E32: 0 | F32: 0 | G32: =F32-E32 -> 0 | M32: 0 | N32: 0 | O32: =N32-M32 -> 0
E33: 0 | F33: 0 | G33: =F33-E33 -> 0 | M33: 0 | N33: 0 | O33: =N33-M33 -> 0
E34: 0 | F34: 0 | G34: =F34-E34 -> 0 | M34: 0 | N34: 0 | O34: =N34-M34 -> 0
E35: 0 | F35: 0 | G35: =F35-E35 -> 0 | M35: 0 | N35: 0 | O35: =N35-M35 -> 0
E36: 0 | F36: 0 | G36: =F36-E36 -> 0 | M36: 0 | N36: 0 | O36: =N36-M36 -> 0
G37: =SUM(G29,G36) -> 0.26666667 | O37: =SUM(O29:O36) -> 0.090277778
A38: =A29+1 -> 46086 | B38: Султанулы | C38: день | D38: Сукно мыли, поменяли трос формовочный барабана | E38: 0.53472222 | F38: 0.57777778 | G38: =F38-E38 -> 0.043055556 | I38: =I29+1 -> 46086 | J38: Дауылбай | K38: ночь | M38: 0 | N38: 0 | O38: =N38-M38 -> 0
D39: Поменяли №2-с/цилиндр,чистили сплинкерную трубу и желоб | E39: 0.61875 | F39: 0.64444444 | G39: =F39-E39 -> 0.025694444 | M39: 0 | N39: 0 | O39: =N39-M39 -> 0
D40: Очистка машины | E40: 0.75555556 | F40: 0.79166667 | G40: =F40-E40 -> 0.036111111 | M40: 0 | N40: 0 | O40: =N40-M40 -> 0
E41: 0 | F41: 0 | G41: =F41-E41 -> 0 | M41: 0 | N41: 0 | O41: =N41-M41 -> 0
E42: 0 | F42: 0 | G42: =F42-E42 -> 0 | M42: 0 | N42: 0 | O42: =N42-M42 -> 0
E43: 0 | F43: 0 | G43: =F43-E43 -> 0 | M43: 0 | N43: 0 | O43: =N43-M43 -> 0
E44: 0 | F44: 0 | G44: =F44-E44 -> 0 | M44: 0 | N44: 0 | O44: =N44-M44 -> 0
E45: 0 | F45: 0 | G45: =F45-E45 -> 0 | M45: 0 | N45: 0 | O45: =N45-M45 -> 0
G46: =SUM(G38,G45) -> 0.043055556 | O46: =SUM(O38,O45) -> 0
A47: =A38+1 -> 46087 | B47: Дауылбай | C47: день | D47: Замена троса срезчика наката | E47: 0.60763889 | F47: 0.62152778 | G47: =F47-E47 -> 0.013888889 | I47: =I38+1 -> 46087 | K47: ночь | M47: 0 | N47: 0 | O47: =N47-M47 -> 0
E48: 0 | F48: 0 | G48: =F48-E48 -> 0 | M48: 0 | N48: 0 | O48: =N48-M48 -> 0
E49: 0 | F49: 0 | G49: =F49-E49 -> 0 | M49: 0 | N49: 0 | O49: =N49-M49 -> 0
E50: 0 | F50: 0 | G50: =F50-E50 -> 0 | M50: 0 | N50: 0 | O50: =N50-M50 -> 0
E51: 0 | F51: 0 | G51: =F51-E51 -> 0 | M51: 0 | N51: 0 | O51: =N51-M51 -> 0
E52: 0 | F52: 0 | G52: =F52-E52 -> 0 | M52: 0 | N52: 0 | O52: =N52-M52 -> 0
E53: 0 | F53: 0 | G53: =F53-E53 -> 0 | M53: 0 | N53: 0 | O53: =N53-M53 -> 0
E54: 0 | F54: 0 | G54: =F54-E54 -> 0 | M54: 0 | N54: 0 | O54: =N54-M54 -> 0
G55: =SUM(G47,G54) -> 0.013888889 | O55: =SUM(O47,O54) -> 0
A56: =A47+1 -> 46088 | C56: день | E56: 0 | F56: 0 | G56: =F56-E56 -> 0 | I56: =I47+1 -> 46088 | J56: Дауылбай | K56: ночь | L56: Останавилй регулировка ножа.№1: №2: №3: №4. | M56: 0.85416667 | N56: 0.86805556 | O56: =N56-M56 -> 0.013888889
E57: 0 | F57: 0 | G57: =F57-E57 -> 0 | L57: На ходу менялй ремень на гомогонизаторе. | M57: 0.88194444 | N57: 0.88888889 | O57: =N57-M57 -> 0.0069444444
E58: 0 | F58: 0 | G58: =F58-E58 -> 0 | M58: 0 | N58: 0 | O58: =N58-M58 -> 0
E59: 0 | F59: 0 | G59: =F59-E59 -> 0 | M59: 0 | N59: 0 | O59: =N59-M59 -> 0
E60: 0 | F60: 0 | G60: =F60-E60 -> 0 | M60: 0 | N60: 0 | O60: =N60-M60 -> 0
E61: 0 | F61: 0 | G61: =F61-E61 -> 0 | M61: 0 | N61: 0 | O61: =N61-M61 -> 0
E62: 0 | F62: 0 | G62: =F62-E62 -> 0 | M62: 0 | N62: 0 | O62: =N62-M62 -> 0
E63: 0 | F63: 0 | G63: =F63-E63 -> 0 | M63: 0 | N63: 0 | O63: =N63-M63 -> 0
G64: =SUM(G56,G63) -> 0 | O64: =SUM(O56,O63) -> 0.013888889
A65: =A56+1 -> 46089 | B65: Бекбосынов | C65: день | D65: Остановил машину из-за того, что не крутилась сукнобойка. Проверили оборудование, установили причину — сухой подшипник. Подшипник смазали, после чего проверили работу и установили обратно. Машина работает нормально. | E65: 0.45555556 | F65: 0.51527778 | G65: =F65-E65 -> 0.059722222 | I65: =I56+1 -> 46089 | J65: Монаев | K65: ночь | M65: 0 | N65: 0 | O65: =N65-M65 -> 0
D66: Не сработал датчик сукнопоправки. Причину нашли и устранили. После устранения неисправности машину включили. | E66: 0.63611111 | F66: 0.65069444 | G66: =F66-E66 -> 0.014583333 | M66: 0 | N66: 0 | O66: =N66-M66 -> 0
D67: В ходе работы был обнаружен износ подшипника натяжного вала. Подшипник был заменён. После замены проведён запуск оборудования, работа стабильная. | E67: 0.69861111 | F67: 0.72916667 | G67: =F67-E67 -> 0.030555556 | M67: 0 | N67: 0 | O67: =N67-M67 -> 0
E68: 0 | F68: 0 | G68: =F68-E68 -> 0 | M68: 0 | N68: 0 | O68: =N68-M68 -> 0
E69: 0 | F69: 0 | G69: =F69-E69 -> 0 | M69: 0 | N69: 0 | O69: =N69-M69 -> 0
E70: 0 | F70: 0 | G70: =F70-E70 -> 0 | M70: 0 | N70: 0 | O70: =N70-M70 -> 0
E71: 0 | F71: 0 | G71: =F71-E71 -> 0 | M71: 0 | N71: 0 | O71: =N71-M71 -> 0
E72: 0 | F72: 0 | G72: =F72-E72 -> 0 | M72: 0 | N72: 0 | O72: =N72-M72 -> 0
G73: =SUM(G65,G72) -> 0.059722222 | O73: =SUM(O65,O72) -> 0
A74: =A65+1 -> 46090 | B74: Султанулы | C74: день | D74: Останавили машину в тунеле шифер не сохнит,собираем вручную | E74: 0.60277778 | F74: 0.61319444 | G74: =F74-E74 -> 0.010416667 | I74: =I65+1 -> 46090 | J74: Бекбосынов | K74: ночь | L74: Остановили машину из-за отсутствия тележек из пропарочной камеры. Шифер долго не высыхал, поэтому тележки вовремя не поступали на линию. | M74: 0.81944444 | N74: 0.86944444 | O74: =N74-M74 -> 0.05
D75: Машина после обеда работала на 10-12оборотах,шифер в тунеле не высыхает,запасной тележки нет,поэтаму работаем вручную | E75: 0 | F75: 0 | G75: =F75-E75 -> 0 | M75: 0 | N75: 0 | O75: =N75-M75 -> 0
D76: Сукнобойка в редукторе поставили шпонка находу | E76: 0 | F76: 0 | G76: =F76-E76 -> 0 | M76: 0 | N76: 0 | O76: =N76-M76 -> 0
D77: нижный вакуум не было чистили насос,трубы и коробка | E77: 0 | F77: 0 | G77: =F77-E77 -> 0 | M77: 0 | N77: 0 | O77: =N77-M77 -> 0
D78: шланг находу | E78: 0 | F78: 0 | G78: =F78-E78 -> 0 | M78: 0 | N78: 0 | O78: =N78-M78 -> 0
D79: сукнобойка эл/двигатель невключился,машина работала | E79: 0.87083333 | F79: 0.88611111 | G79: =F79-E79 -> 0.015277778 | M79: 0 | N79: 0 | O79: =N79-M79 -> 0
D80: без остановка деж/электрик сделал
D81: Ковшевая мешалка отключился стояли,сделали
D82: Пневмоцилиндр неработал сняли почистили паставили | E82: 0 | F82: 0 | G82: =F82-E82 -> 0 | M82: 0 | N82: 0 | O82: =N82-M82 -> 0
D83: гидропушитель насос набили сальники | E83: 0 | F83: 0 | G83: =F83-E83 -> 0 | M83: 0 | N83: 0 | O83: =N83-M83 -> 0
G84: =SUM(G74,G83) -> 0.010416667 | O84: =SUM(O74,O83) -> 0.05
A85: =A74+1 -> 46091 | C85: день | D85: отключение электроэнергии | E85: 0.33333333 | F85: 0.79166667 | G85: =F85-E85 -> 0.45833333 | I85: =I74+1 -> 46091 | J85: Дауылбай | K85: ночь | L85: Запуск 21:46 Поставили все новые с/цилиндр,желоб почистили,приемный каробку почистили,сплинкерную трубу почистили | M85: 0.79166667 | N85: 0.90694444 | O85: =N85-M85 -> 0.11527778
E86: 0 | F86: 0 | G86: =F86-E86 -> 0 | L86: Останавили машину поменяли 3-гауш вал также заменели 3-с/цилиндр | M86: 0.027083333 | N86: 0.085416667 | O86: =N86-M86 -> 0.058333333
E87: 0.23680556 | F87: 0 | G87: 0 | L87: Останавили машину Сукно промыли,подняли фрез-раму, | M87: 0 | N87: 0 | O87: =N87-M87 -> 0
E88: 0 | F88: 0 | G88: =F88-E88 -> 0 | L88: вытащали с/цилиндры и все ванны полностью промыли | M88: 0 | N88: 0 | O88: =N88-M88 -> 0
E89: 0 | F89: 0 | G89: =F89-E89 -> 0 | L89: чистили желоб | M89: 0 | N89: 0 | O89: =N89-M89 -> 0
E90: 0 | F90: 0 | G90: =F90-E90 -> 0 | M90: 0 | N90: 0 | O90: =N90-M90 -> 0
E91: 0 | F91: 0 | G91: =F91-E91 -> 0 | M91: 0 | N91: 0 | O91: =N91-M91 -> 0
E92: 0 | F92: 0 | G92: =F92-E92 -> 0 | M92: 0 | N92: 0 | O92: =N92-M92 -> 0
G93: =SUM(G85,G92) -> 0.45833333 | O93: =SUM(O85,O92) -> 0.11527778
A94: =A85+1 -> 46092 | C94: день | D94: отключение электроэнергии | E94: 0.33333333 | F94: 0.79166667 | G94: =F94-E94 -> 0.45833333 | I94: =I85+1 -> 46092 | J94: Дауылбай | K94: ночь | L94: Запуск | M94: 0.79166667 | N94: 0.82986111 | O94: =N94-M94 -> 0.038194444
E95: 0 | F95: 0 | G95: =F95-E95 -> 0 | L95: останавилй промылй техсукно.вытащилй С/Ц промылй керхером. Почистелй ванный поставилй С/Ц на место | M95: 0.25347222 | N95: 0.33333333 | O95: =N95-M95 -> 0.079861111
E96: 0 | F96: 0 | G96: =F96-E96 -> 0 | M96: 0 | N96: 0 | O96: =N96-M96 -> 0
E97: 0 | F97: 0 | G97: =F97-E97 -> 0 | M97: 0 | N97: 0 | O97: =N97-M97 -> 0
E98: 0 | F98: 0 | G98: =F98-E98 -> 0 | M98: 0 | N98: 0 | O98: =N98-M98 -> 0
E99: 0 | F99: 0 | G99: =F99-E99 -> 0 | M99: 0 | N99: 0 | O99: =N99-M99 -> 0
E100: 0 | F100: 0 | G100: =F100-E100 -> 0 | M100: 0 | N100: 0 | O100: =N100-M100 -> 0
...

Sheet сырье
A1: дата | B1: ЦЕМЕНТ, приход | F1: ЦЕМЕНТ, факт остаток после замера | J1: ЦЕМЕНТ, учет остаток | O1: дата | P1: АСБЕСТ, приход | U1: АСБЕСТ, факт остаток
B2: силос 1 | C2: силос 2 | D2: силос 3 | E2: силос 4 | F2: силос 1 | G2: силос 2 | H2: силос 3 | I2: силос 4 | J2: силос 1 | K2: силос 2 | L2: силос 3 | M2: силос 4 | P2: А5-65 | Q2: А4-20 | R2: А6-45 | S2: ОМ | T2: всего | U2: А5-65 | V2: А4-20 | W2: А6-45 | X2: ОМ | Y2: всего
F3: 1729 | G3: 12455 | H3: 0 | I3: 14417 | J3: 1729 | K3: 12455 | L3: 0 | M3: 14417 | U3: 759900 | V3: 0 | W3: 0 | X3: 0 | Y3: =SUM(U3:X3) -> 759900
A4: 46023 | F4: =F3 -> 1729 | G4: =G3 -> 12455 | H4: =H3 -> 0 | I4: =I3 -> 14417 | J4: =J3+B4-SUMIFS(рапорт!$O:$O,рапорт!$A:$A,A4)-SUMIFS(рапорт!$U:$U,рапорт!$A:$A,A4)/4 -> 1729 | K4: =K3+C4-SUMIFS(рапорт!$P:$P,рапорт!$A:$A,A4)-SUMIFS(рапорт!$U:$U,рапорт!$A:$A,A4)/4 -> 12455 | L4: =L3+D4-SUMIFS(рапорт!$Q:$Q,рапорт!$A:$A,A4)-SUMIFS(рапорт!$U:$U,рапорт!$A:$A,A4)/4 -> 0 | M4: =M3+E4-SUMIFS(рапорт!$R:$R,рапорт!$A:$A,A4)-SUMIFS(рапорт!$U:$U,рапорт!$A:$A,A4)/4 -> 14417 | O4: 46023 | T4: =SUM(P4:S4) -> 0 | U4: =U3 -> 759900 | V4: =V3 -> 0 | W4: =W3 -> 0 | X4: =X3 -> 0 | Y4: =SUM(U4:X4) -> 759900
A5: 46024 | F5: =F4 -> 1729 | G5: =G4 -> 12455 | H5: =H4 -> 0 | I5: =I4 -> 14417 | J5: =J4+B5-SUMIFS(рапорт!$O:$O,рапорт!$A:$A,A5)-SUMIFS(рапорт!$U:$U,рапорт!$A:$A,A5)/4 -> 1729 | K5: =K4+C5-SUMIFS(рапорт!$P:$P,рапорт!$A:$A,A5)-SUMIFS(рапорт!$U:$U,рапорт!$A:$A,A5)/4 -> 12455 | L5: =L4+D5-SUMIFS(рапорт!$Q:$Q,рапорт!$A:$A,A5)-SUMIFS(рапорт!$U:$U,рапорт!$A:$A,A5)/4 -> 0 | M5: =M4+E5-SUMIFS(рапорт!$R:$R,рапорт!$A:$A,A5)-SUMIFS(рапорт!$U:$U,рапорт!$A:$A,A5)/4 -> 14417 | O5: 46024 | T5: =SUM(P5:S5) -> 0 | U5: =U4 -> 759900 | V5: =V4 -> 0 | W5: =W4 -> 0 | X5: =X4 -> 0 | Y5: =SUM(U5:X5) -> 759900
A6: 46025 | F6: =F5 -> 1729 | G6: =G5 -> 12455 | H6: =H5 -> 0 | I6: =I5 -> 14417 | J6: =J5+B6-SUMIFS(рапорт!$O:$O,рапорт!$A:$A,A6)-SUMIFS(рапорт!$U:$U,рапорт!$A:$A,A6)/4 -> 1729 | K6: =K5+C6-SUMIFS(рапорт!$P:$P,рапорт!$A:$A,A6)-SUMIFS(рапорт!$U:$U,рапорт!$A:$A,A6)/4 -> 12455 | L6: =L5+D6-SUMIFS(рапорт!$Q:$Q,рапорт!$A:$A,A6)-SUMIFS(рапорт!$U:$U,рапорт!$A:$A,A6)/4 -> 0 | M6: =M5+E6-SUMIFS(рапорт!$R:$R,рапорт!$A:$A,A6)-SUMIFS(рапорт!$U:$U,рапорт!$A:$A,A6)/4 -> 14417 | O6: 46025 | T6: =SUM(P6:S6) -> 0 | U6: =U5 -> 759900 | V6: =V5 -> 0 | W6: =W5 -> 0 | X6: =X5 -> 0 | Y6: =SUM(U6:X6) -> 759900
A7: 46026 | F7: =F6 -> 1729 | G7: =G6 -> 12455 | H7: =H6 -> 0 | I7: =I6 -> 14417 | J7: =J6+B7-SUMIFS(рапорт!$O:$O,рапорт!$A:$A,A7)-SUMIFS(рапорт!$U:$U,рапорт!$A:$A,A7)/4 -> 1729 | K7: =K6+C7-SUMIFS(рапорт!$P:$P,рапорт!$A:$A,A7)-SUMIFS(рапорт!$U:$U,рапорт!$A:$A,A7)/4 -> 12455 | L7: =L6+D7-SUMIFS(рапорт!$Q:$Q,рапорт!$A:$A,A7)-SUMIFS(рапорт!$U:$U,рапорт!$A:$A,A7)/4 -> 0 | M7: =M6+E7-SUMIFS(рапорт!$R:$R,рапорт!$A:$A,A7)-SUMIFS(рапорт!$U:$U,рапорт!$A:$A,A7)/4 -> 14417 | O7: 46026 | T7: =SUM(P7:S7) -> 0 | U7: =U6 -> 759900 | V7: =V6 -> 0 | W7: =W6 -> 0 | X7: =X6 -> 0 | Y7: =SUM(U7:X7) -> 759900
A8: 46027 | F8: =F7 -> 1729 | G8: =G7 -> 12455 | H8: =H7 -> 0 | I8: =I7 -> 14417 | J8: =J7+B8-SUMIFS(рапорт!$O:$O,рапорт!$A:$A,A8)-SUMIFS(рапорт!$U:$U,рапорт!$A:$A,A8)/4 -> 1729 | K8: =K7+C8-SUMIFS(рапорт!$P:$P,рапорт!$A:$A,A8)-SUMIFS(рапорт!$U:$U,рапорт!$A:$A,A8)/4 -> 12455 | L8: =L7+D8-SUMIFS(рапорт!$Q:$Q,рапорт!$A:$A,A8)-SUMIFS(рапорт!$U:$U,рапорт!$A:$A,A8)/4 -> 0 | M8: =M7+E8-SUMIFS(рапорт!$R:$R,рапорт!$A:$A,A8)-SUMIFS(рапорт!$U:$U,рапорт!$A:$A,A8)/4 -> 14417 | O8: 46027 | T8: =SUM(P8:S8) -> 0 | U8: =U7 -> 759900 | V8: =V7 -> 0 | W8: =W7 -> 0 | X8: =X7 -> 0 | Y8: =SUM(U8:X8) -> 759900
A9: 46028 | F9: =F8 -> 1729 | G9: =G8 -> 12455 | H9: =H8 -> 0 | I9: =I8 -> 14417 | J9: =J8+B9-SUMIFS(рапорт!$O:$O,рапорт!$A:$A,A9)-SUMIFS(рапорт!$U:$U,рапорт!$A:$A,A9)/4 -> 1729 | K9: =K8+C9-SUMIFS(рапорт!$P:$P,рапорт!$A:$A,A9)-SUMIFS(рапорт!$U:$U,рапорт!$A:$A,A9)/4 -> 12455 | L9: =L8+D9-SUMIFS(рапорт!$Q:$Q,рапорт!$A:$A,A9)-SUMIFS(рапорт!$U:$U,рапорт!$A:$A,A9)/4 -> 0 | M9: =M8+E9-SUMIFS(рапорт!$R:$R,рапорт!$A:$A,A9)-SUMIFS(рапорт!$U:$U,рапорт!$A:$A,A9)/4 -> 14417 | O9: 46028 | T9: =SUM(P9:S9) -> 0 | U9: =U8 -> 759900 | V9: =V8 -> 0 | W9: =W8 -> 0 | X9: =X8 -> 0 | Y9: =SUM(U9:X9) -> 759900
A10: 46029 | F10: =F9 -> 1729 | G10: =G9 -> 12455 | H10: =H9 -> 0 | I10: =I9 -> 14417 | J10: =J9+B10-SUMIFS(рапорт!$O:$O,рапорт!$A:$A,A10)-SUMIFS(рапорт!$U:$U,рапорт!$A:$A,A10)/4 -> 1729 | K10: =K9+C10-SUMIFS(рапорт!$P:$P,рапорт!$A:$A,A10)-SUMIFS(рапорт!$U:$U,рапорт!$A:$A,A10)/4 -> 12455 | L10: =L9+D10-SUMIFS(рапорт!$Q:$Q,рапорт!$A:$A,A10)-SUMIFS(рапорт!$U:$U,рапорт!$A:$A,A10)/4 -> 0 | M10: =M9+E10-SUMIFS(рапорт!$R:$R,рапорт!$A:$A,A10)-SUMIFS(рапорт!$U:$U,рапорт!$A:$A,A10)/4 -> 14417 | O10: 46029 | T10: =SUM(P10:S10) -> 0 | U10: =U9 -> 759900 | V10: =V9 -> 0 | W10: =W9 -> 0 | X10: =X9 -> 0 | Y10: =SUM(U10:X10) -> 759900
A11: 46030 | F11: =F10 -> 1729 | G11: =G10 -> 12455 | H11: =H10 -> 0 | I11: =I10 -> 14417 | J11: =J10+B11-SUMIFS(рапорт!$O:$O,рапорт!$A:$A,A11)-SUMIFS(рапорт!$U:$U,рапорт!$A:$A,A11)/4 -> 1729 | K11: =K10+C11-SUMIFS(рапорт!$P:$P,рапорт!$A:$A,A11)-SUMIFS(рапорт!$U:$U,рапорт!$A:$A,A11)/4 -> 12455 | L11: =L10+D11-SUMIFS(рапорт!$Q:$Q,рапорт!$A:$A,A11)-SUMIFS(рапорт!$U:$U,рапорт!$A:$A,A11)/4 -> 0 | M11: =M10+E11-SUMIFS(рапорт!$R:$R,рапорт!$A:$A,A11)-SUMIFS(рапорт!$U:$U,рапорт!$A:$A,A11)/4 -> 14417 | O11: 46030 | T11: =SUM(P11:S11) -> 0 | U11: =U10 -> 759900 | V11: =V10 -> 0 | W11: =W10 -> 0 | X11: =X10 -> 0 | Y11: =SUM(U11:X11) -> 759900
A12: 46031 | F12: =F11 -> 1729 | G12: =G11 -> 12455 | H12: =H11 -> 0 | I12: =I11 -> 14417 | J12: =J11+B12-SUMIFS(рапорт!$O:$O,рапорт!$A:$A,A12)-SUMIFS(рапорт!$U:$U,рапорт!$A:$A,A12)/4 -> 1729 | K12: =K11+C12-SUMIFS(рапорт!$P:$P,рапорт!$A:$A,A12)-SUMIFS(рапорт!$U:$U,рапорт!$A:$A,A12)/4 -> 12455 | L12: =L11+D12-SUMIFS(рапорт!$Q:$Q,рапорт!$A:$A,A12)-SUMIFS(рапорт!$U:$U,рапорт!$A:$A,A12)/4 -> 0 | M12: =M11+E12-SUMIFS(рапорт!$R:$R,рапорт!$A:$A,A12)-SUMIFS(рапорт!$U:$U,рапорт!$A:$A,A12)/4 -> 14417 | O12: 46031 | T12: =SUM(P12:S12) -> 0 | U12: =U11 -> 759900 | V12: =V11 -> 0 | W12: =W11 -> 0 | X12: =X11 -> 0 | Y12: =SUM(U12:X12) -> 759900
A13: 46032 | F13: =F12 -> 1729 | G13: =G12 -> 12455 | H13: =H12 -> 0 | I13: =I12 -> 14417 | J13: =J12+B13-SUMIFS(рапорт!$O:$O,рапорт!$A:$A,A13)-SUMIFS(рапорт!$U:$U,рапорт!$A:$A,A13)/4 -> 1729 | K13: =K12+C13-SUMIFS(рапорт!$P:$P,рапорт!$A:$A,A13)-SUMIFS(рапорт!$U:$U,рапорт!$A:$A,A13)/4 -> 12455 | L13: =L12+D13-SUMIFS(рапорт!$Q:$Q,рапорт!$A:$A,A13)-SUMIFS(рапорт!$U:$U,рапорт!$A:$A,A13)/4 -> 0 | M13: =M12+E13-SUMIFS(рапорт!$R:$R,рапорт!$A:$A,A13)-SUMIFS(рапорт!$U:$U,рапорт!$A:$A,A13)/4 -> 14417 | O13: 46032 | T13: =SUM(P13:S13) -> 0 | U13: =U12 -> 759900 | V13: =V12 -> 0 | W13: =W12 -> 0 | X13: =X12 -> 0 | Y13: =SUM(U13:X13) -> 759900
A14: 46033 | F14: =F13 -> 1729 | G14: =G13 -> 12455 | H14: =H13 -> 0 | I14: =I13 -> 14417 | J14: =J13+B14-SUMIFS(рапорт!$O:$O,рапорт!$A:$A,A14)-SUMIFS(рапорт!$U:$U,рапорт!$A:$A,A14)/4 -> 1729 | K14: =K13+C14-SUMIFS(рапорт!$P:$P,рапорт!$A:$A,A14)-SUMIFS(рапорт!$U:$U,рапорт!$A:$A,A14)/4 -> 12455 | L14: =L13+D14-SUMIFS(рапорт!$Q:$Q,рапорт!$A:$A,A14)-SUMIFS(рапорт!$U:$U,рапорт!$A:$A,A14)/4 -> 0 | M14: =M13+E14-SUMIFS(рапорт!$R:$R,рапорт!$A:$A,A14)-SUMIFS(рапорт!$U:$U,рапорт!$A:$A,A14)/4 -> 14417 | O14: 46033 | T14: =SUM(P14:S14) -> 0 | U14: =U13 -> 759900 | V14: =V13 -> 0 | W14: =W13 -> 0 | X14: =X13 -> 0 | Y14: =SUM(U14:X14) -> 759900
A15: 46034 | F15: =F14 -> 1729 | G15: =G14 -> 12455 | H15: =H14 -> 0 | I15: =I14 -> 14417 | J15: =J14+B15-SUMIFS(рапорт!$O:$O,рапорт!$A:$A,A15)-SUMIFS(рапорт!$U:$U,рапорт!$A:$A,A15)/4 -> 1729 | K15: =K14+C15-SUMIFS(рапорт!$P:$P,рапорт!$A:$A,A15)-SUMIFS(рапорт!$U:$U,рапорт!$A:$A,A15)/4 -> 12455 | L15: =L14+D15-SUMIFS(рапорт!$Q:$Q,рапорт!$A:$A,A15)-SUMIFS(рапорт!$U:$U,рапорт!$A:$A,A15)/4 -> 0 | M15: =M14+E15-SUMIFS(рапорт!$R:$R,рапорт!$A:$A,A15)-SUMIFS(рапорт!$U:$U,рапорт!$A:$A,A15)/4 -> 14417 | O15: 46034 | T15: =SUM(P15:S15) -> 0 | U15: =U14 -> 759900 | V15: =V14 -> 0 | W15: =W14 -> 0 | X15: =X14 -> 0 | Y15: =SUM(U15:X15) -> 759900
... A45: 46064 | F45: =F44 -> 1729 | G45: =G44 -> 12455 | H45: =H44 -> 0 | I45: =I44 -> 14417 | J45: =J44+B45-SUMIFS(рапорт!$O:$O,рапорт!$A:$A,A45)-SUMIFS(рапорт!$U:$U,рапорт!$A:$A,A45)/4 -> 1729 | K45: =K44+C45-SUMIFS(рапорт!$P:$P,рапорт!$A:$A,A45)-SUMIFS(рапорт!$U:$U,рапорт!$A:$A,A45)/4 -> 12455 | L45: =L44+D45-SUMIFS(рапорт!$Q:$Q,рапорт!$A:$A,A45)-SUMIFS(рапорт!$U:$U,рапорт!$A:$A,A45)/4 -> 0 | M45: =M44+E45-SUMIFS(рапорт!$R:$R,рапорт!$A:$A,A45)-SUMIFS(рапорт!$U:$U,рапорт!$A:$A,A45)/4 -> 14417 | O45: 46064 | T45: =SUM(P45:S45) -> 0 | U45: =U44 -> 759900 | V45: =V44 -> 0 | W45: =W44 -> 0 | X45: =X44 -> 0 | Y45: =SUM(U45:X45) -> 759900
A46: 46065 | B46: 22130 | C46: 17870 | F46: =F45 -> 1729 | G46: =G45 -> 12455 | H46: =H45 -> 0 | I46: =I45 -> 14417 | J46: =J45+B46-SUMIFS(рапорт!$O:$O,рапорт!$A:$A,A46)-SUMIFS(рапорт!$U:$U,рапорт!$A:$A,A46)/4 -> 23859 | K46: =K45+C46-SUMIFS(рапорт!$P:$P,рапорт!$A:$A,A46)-SUMIFS(рапорт!$U:$U,рапорт!$A:$A,A46)/4 -> 30325 | L46: =L45+D46-SUMIFS(рапорт!$Q:$Q,рапорт!$A:$A,A46)-SUMIFS(рапорт!$U:$U,рапорт!$A:$A,A46)/4 -> 0 | M46: =M45+E46-SUMIFS(рапорт!$R:$R,рапорт!$A:$A,A46)-SUMIFS(рапорт!$U:$U,рапорт!$A:$A,A46)/4 -> 14417 | O46: 46065 | T46: =SUM(P46:S46) -> 0 | U46: =U45 -> 759900 | V46: =V45 -> 0 | W46: =W45 -> 0 | X46: =X45 -> 0 | Y46: =SUM(U46:X46) -> 759900
A47: 46066 | B47: 39850 | C47: 39400 | F47: =F46 -> 1729 | G47: =G46 -> 12455 | H47: 0 | I47: =I46 -> 14417 | J47: =J46+B47-SUMIFS(рапорт!$O:$O,рапорт!$A:$A,A47)-SUMIFS(рапорт!$U:$U,рапорт!$A:$A,A47)/4 -> 63709 | K47: =K46+C47-SUMIFS(рапорт!$P:$P,рапорт!$A:$A,A47)-SUMIFS(рапорт!$U:$U,рапорт!$A:$A,A47)/4 -> 69725 | L47: =L46+D47-SUMIFS(рапорт!$Q:$Q,рапорт!$A:$A,A47)-SUMIFS(рапорт!$U:$U,рапорт!$A:$A,A47)/4 -> 0 | M47: =M46+E47-SUMIFS(рапорт!$R:$R,рапорт!$A:$A,A47)-SUMIFS(рапорт!$U:$U,рапорт!$A:$A,A47)/4 -> 14417 | O47: 46066 | T47: =SUM(P47:S47) -> 0 | U47: =U46 -> 759900 | V47: =V46 -> 0 | W47: =W46 -> 0 | X47: =X46 -> 0 | Y47: =SUM(U47:X47) -> 759900
A48: 46067 | F48: =F47 -> 1729 | G48: =G47 -> 12455 | H48: =H47 -> 0 | I48: =I47 -> 14417 | J48: =J47+B48-SUMIFS(рапорт!$O:$O,рапорт!$A:$A,A48)-SUMIFS(рапорт!$U:$U,рапорт!$A:$A,A48)/4 -> 63709 | K48: =K47+C48-SUMIFS(рапорт!$P:$P,рапорт!$A:$A,A48)-SUMIFS(рапорт!$U:$U,рапорт!$A:$A,A48)/4 -> 69725 | L48: =L47+D48-SUMIFS(рапорт!$Q:$Q,рапорт!$A:$A,A48)-SUMIFS(рапорт!$U:$U,рапорт!$A:$A,A48)/4 -> 0 | M48: =M47+E48-SUMIFS(рапорт!$R:$R,рапорт!$A:$A,A48)-SUMIFS(рапорт!$U:$U,рапорт!$A:$A,A48)/4 -> 14417 | O48: 46067 | T48: =SUM(P48:S48) -> 0 | U48: =U47 -> 759900 | V48: =V47 -> 0 | W48: =W47 -> 0 | X48: =X47 -> 0 | Y48: =SUM(U48:X48) -> 759900
A49: 46068 | F49: =F48 -> 1729 | G49: =G48 -> 12455 | H49: =H48 -> 0 | I49: =I48 -> 14417 | J49: =J48+B49-SUMIFS(рапорт!$O:$O,рапорт!$A:$A,A49)-SUMIFS(рапорт!$U:$U,рапорт!$A:$A,A49)/4 -> 63709 | K49: =K48+C49-SUMIFS(рапорт!$P:$P,рапорт!$A:$A,A49)-SUMIFS(рапорт!$U:$U,рапорт!$A:$A,A49)/4 -> 69725 | L49: =L48+D49-SUMIFS(рапорт!$Q:$Q,рапорт!$A:$A,A49)-SUMIFS(рапорт!$U:$U,рапорт!$A:$A,A49)/4 -> 0 | M49: =M48+E49-SUMIFS(рапорт!$R:$R,рапорт!$A:$A,A49)-SUMIFS(рапорт!$U:$U,рапорт!$A:$A,A49)/4 -> 14417 | O49: 46068 | T49: =SUM(P49:S49) -> 0 | U49: =U48 -> 759900 | V49: =V48 -> 0 | W49: =W48 -> 0 | X49: =X48 -> 0 | Y49: =SUM(U49:X49) -> 759900
A50: 46069 | F50: 42123 | G50: 69725 | H50: 0 | I50: 14417 | J50: =J49+B50-SUMIFS(рапорт!$O:$O,рапорт!$A:$A,A50)-SUMIFS(рапорт!$U:$U,рапорт!$A:$A,A50)/4 -> 42123 | K50: =K49+C50-SUMIFS(рапорт!$P:$P,рапорт!$A:$A,A50)-SUMIFS(рапорт!$U:$U,рапорт!$A:$A,A50)/4 -> 69725 | L50: =L49+D50-SUMIFS(рапорт!$Q:$Q,рапорт!$A:$A,A50)-SUMIFS(рапорт!$U:$U,рапорт!$A:$A,A50)/4 -> 0 | M50: =M49+E50-SUMIFS(рапорт!$R:$R,рапорт!$A:$A,A50)-SUMIFS(рапорт!$U:$U,рапорт!$A:$A,A50)/4 -> 14417 | O50: 46069 | T50: =SUM(P50:S50) -> 0 | U50: 749400 | V50: =V49 -> 0 | W50: =W49 -> 0 | X50: =X49 -> 0 | Y50: =SUM(U50:X50) -> 749400
A51: 46070 | F51: =F50 -> 42123 | G51: =G50 -> 69725 | H51: 0 | I51: 14417 | J51: =J50+B51-SUMIFS(рапорт!$O:$O,рапорт!$A:$A,A51)-SUMIFS(рапорт!$U:$U,рапорт!$A:$A,A51)/4 -> 11043 | K51: =K50+C51-SUMIFS(рапорт!$P:$P,рапорт!$A:$A,A51)-SUMIFS(рапорт!$U:$U,рапорт!$A:$A,A51)/4 -> 69725 | L51: =L50+D51-SUMIFS(рапорт!$Q:$Q,рапорт!$A:$A,A51)-SUMIFS(рапорт!$U:$U,рапорт!$A:$A,A51)/4 -> 0 | M51: =M50+E51-SUMIFS(рапорт!$R:$R,рапорт!$A:$A,A51)-SUMIFS(рапорт!$U:$U,рапорт!$A:$A,A51)/4 -> 14417 | O51: 46070 | T51: =SUM(P51:S51) -> 0 | U51: =U50 -> 749400 | V51: =V50 -> 0 | W51: =W50 -> 0 | X51: =X50 -> 0 | Y51: =SUM(U51:X51) -> 749400
A52: 46071 | B52: 77520 | C52: 38320 | F52: =F51 -> 42123 | G52: =G51 -> 69725 | H52: 0 | I52: 14417 | J52: =J51+B52-SUMIFS(рапорт!$O:$O,рапорт!$A:$A,A52)-SUMIFS(рапорт!$U:$U,рапорт!$A:$A,A52)/4 -> 75140 | K52: =K51+C52-SUMIFS(рапорт!$P:$P,рапорт!$A:$A,A52)-SUMIFS(рапорт!$U:$U,рапорт!$A:$A,A52)/4 -> 94709 | L52: =L51+D52-SUMIFS(рапорт!$Q:$Q,рапорт!$A:$A,A52)-SUMIFS(рапорт!$U:$U,рапорт!$A:$A,A52)/4 -> 0 | M52: =M51+E52-SUMIFS(рапорт!$R:$R,рапорт!$A:$A,A52)-SUMIFS(рапорт!$U:$U,рапорт!$A:$A,A52)/4 -> 14417 | O52: 46071 | T52: =SUM(P52:S52) -> 0 | U52: =U51 -> 749400 | V52: =V51 -> 0 | W52: =W51 -> 0 | X52: =X51 -> 0 | Y52: =SUM(U52:X52) -> 749400
A53: 46072 | F53: =F52 -> 42123 | G53: =G52 -> 69725 | H53: =H52 -> 0 | I53: 14417 | J53: =J52+B53-SUMIFS(рапорт!$O:$O,рапорт!$A:$A,A53)-SUMIFS(рапорт!$U:$U,рапорт!$A:$A,A53)/4 -> 43307 | K53: =K52+C53-SUMIFS(рапорт!$P:$P,рапорт!$A:$A,A53)-SUMIFS(рапорт!$U:$U,рапорт!$A:$A,A53)/4 -> 85523 | L53: =L52+D53-SUMIFS(рапорт!$Q:$Q,рапорт!$A:$A,A53)-SUMIFS(рапорт!$U:$U,рапорт!$A:$A,A53)/4 -> 0 | M53: =M52+E53-SUMIFS(рапорт!$R:$R,рапорт!$A:$A,A53)-SUMIFS(рапорт!$U:$U,рапорт!$A:$A,A53)/4 -> 14417 | O53: 46072 | T53: =SUM(P53:S53) -> 0 | U53: =U52 -> 749400 | V53: =V52 -> 0 | W53: =W52 -> 0 | X53: =X52 -> 0 | Y53: =SUM(U53:X53) -> 749400
A54: 46073 | B54: 57040 | C54: 38490 | F54: =F53 -> 42123 | G54: =G53 -> 69725 | H54: =H53 -> 0 | I54: 14417 | J54: =J53+B54-SUMIFS(рапорт!$O:$O,рапорт!$A:$A,A54)-SUMIFS(рапорт!$U:$U,рапорт!$A:$A,A54)/4 -> 78357 | K54: =K53+C54-SUMIFS(рапорт!$P:$P,рапорт!$A:$A,A54)-SUMIFS(рапорт!$U:$U,рапорт!$A:$A,A54)/4 -> 102594 | L54: =L53+D54-SUMIFS(рапорт!$Q:$Q,рапорт!$A:$A,A54)-SUMIFS(рапорт!$U:$U,рапорт!$A:$A,A54)/4 -> 0 | M54: =M53+E54-SUMIFS(рапорт!$R:$R,рапорт!$A:$A,A54)-SUMIFS(рапорт!$U:$U,рапорт!$A:$A,A54)/4 -> 14417 | O54: 46073 | T54: =SUM(P54:S54) -> 0 | U54: =U53 -> 749400 | V54: =V53 -> 0 | W54: =W53 -> 0 | X54: =X53 -> 0 | Y54: =SUM(U54:X54) -> 749400
A55: 46074 | F55: =F54 -> 42123 | G55: =G54 -> 69725 | H55: =H54 -> 0 | I55: 14417 | J55: =J54+B55-SUMIFS(рапорт!$O:$O,рапорт!$A:$A,A55)-SUMIFS(рапорт!$U:$U,рапорт!$A:$A,A55)/4 -> 53906 | K55: =K54+C55-SUMIFS(рапорт!$P:$P,рапорт!$A:$A,A55)-SUMIFS(рапорт!$U:$U,рапорт!$A:$A,A55)/4 -> 79342 | L55: =L54+D55-SUMIFS(рапорт!$Q:$Q,рапорт!$A:$A,A55)-SUMIFS(рапорт!$U:$U,рапорт!$A:$A,A55)/4 -> 0 | M55: =M54+E55-SUMIFS(рапорт!$R:$R,рапорт!$A:$A,A55)-SUMIFS(рапорт!$U:$U,рапорт!$A:$A,A55)/4 -> 14417 | O55: 46074 | T55: =SUM(P55:S55) -> 0 | U55: =U54 -> 749400 | V55: =V54 -> 0 | W55: =W54 -> 0 | X55: =X54 -> 0 | Y55: =SUM(U55:X55) -> 749400
A56: 46075 | F56: =F55 -> 42123 | G56: =G55 -> 69725 | H56: =H55 -> 0 | I56: 14417 | J56: =J55+B56-SUMIFS(рапорт!$O:$O,рапорт!$A:$A,A56)-SUMIFS(рапорт!$U:$U,рапорт!$A:$A,A56)/4 -> 31319 | K56: =K55+C56-SUMIFS(рапорт!$P:$P,рапорт!$A:$A,A56)-SUMIFS(рапорт!$U:$U,рапорт!$A:$A,A56)/4 -> 57299 | L56: =L55+D56-SUMIFS(рапорт!$Q:$Q,рапорт!$A:$A,A56)-SUMIFS(рапорт!$U:$U,рапорт!$A:$A,A56)/4 -> 0 | M56: =M55+E56-SUMIFS(рапорт!$R:$R,рапорт!$A:$A,A56)-SUMIFS(рапорт!$U:$U,рапорт!$A:$A,A56)/4 -> 14417 | O56: 46075 | T56: =SUM(P56:S56) -> 0 | U56: =U55 -> 749400 | V56: =V55 -> 0 | W56: =W55 -> 0 | X56: =X55 -> 0 | Y56: =SUM(U56:X56) -> 749400
A57: 46076 | B57: 38670 | C57: 27970 | F57: =F56 -> 42123 | G57: =G56 -> 69725 | H57: =H56 -> 0 | I57: 14417 | J57: =J56+B57-SUMIFS(рапорт!$O:$O,рапорт!$A:$A,A57)-SUMIFS(рапорт!$U:$U,рапорт!$A:$A,A57)/4 -> 51815 | K57: =K56+C57-SUMIFS(рапорт!$P:$P,рапорт!$A:$A,A57)-SUMIFS(рапорт!$U:$U,рапорт!$A:$A,A57)/4 -> 68293 | L57: =L56+D57-SUMIFS(рапорт!$Q:$Q,рапорт!$A:$A,A57)-SUMIFS(рапорт!$U:$U,рапорт!$A:$A,A57)/4 -> 0 | M57: =M56+E57-SUMIFS(рапорт!$R:$R,рапорт!$A:$A,A57)-SUMIFS(рапорт!$U:$U,рапорт!$A:$A,A57)/4 -> 14417 | O57: 46076 | T57: =SUM(P57:S57) -> 0 | U57: =U56 -> 749400 | V57: =V56 -> 0 | W57: =W56 -> 0 | X57: =X56 -> 0 | Y57: =SUM(U57:X57) -> 749400
A58: 46077 | F58: =F57 -> 42123 | G58: =G57 -> 69725 | H58: =H57 -> 0 | I58: 14417 | J58: =J57+B58-SUMIFS(рапорт!$O:$O,рапорт!$A:$A,A58)-SUMIFS(рапорт!$U:$U,рапорт!$A:$A,A58)/4 -> 32564 | K58: =K57+C58-SUMIFS(рапорт!$P:$P,рапорт!$A:$A,A58)-SUMIFS(рапорт!$U:$U,рапорт!$A:$A,A58)/4 -> 49693 | L58: =L57+D58-SUMIFS(рапорт!$Q:$Q,рапорт!$A:$A,A58)-SUMIFS(рапорт!$U:$U,рапорт!$A:$A,A58)/4 -> 0 | M58: =M57+E58-SUMIFS(рапорт!$R:$R,рапорт!$A:$A,A58)-SUMIFS(рапорт!$U:$U,рапорт!$A:$A,A58)/4 -> 14417 | O58: 46077 | T58: =SUM(P58:S58) -> 0 | U58: =U57 -> 749400 | V58: =V57 -> 0 | W58: =W57 -> 0 | X58: =X57 -> 0 | Y58: =SUM(U58:X58) -> 749400
A59: 46078 | B59: 38690 | C59: 39900 | F59: =F58 -> 42123 | G59: =G58 -> 69725 | H59: =H58 -> 0 | I59: =I58 -> 14417 | J59: =J58+B59-SUMIFS(рапорт!$O:$O,рапорт!$A:$A,A59)-SUMIFS(рапорт!$U:$U,рапорт!$A:$A,A59)/4 -> 57787 | K59: =K58+C59-SUMIFS(рапорт!$P:$P,рапорт!$A:$A,A59)-SUMIFS(рапорт!$U:$U,рапорт!$A:$A,A59)/4 -> 85136 | L59: =L58+D59-SUMIFS(рапорт!$Q:$Q,рапорт!$A:$A,A59)-SUMIFS(рапорт!$U:$U,рапорт!$A:$A,A59)/4 -> 0 | M59: =M58+E59-SUMIFS(рапорт!$R:$R,рапорт!$A:$A,A59)-SUMIFS(рапорт!$U:$U,рапорт!$A:$A,A59)/4 -> 14417 | O59: 46078 | T59: =SUM(P59:S59) -> 0 | U59: =U58 -> 749400 | V59: =V58 -> 0 | W59: =W58 -> 0 | X59: =X58 -> 0 | Y59: =SUM(U59:X59) -> 749400
A60: 46079 | B60: 79440 | F60: =F59 -> 42123 | G60: =G59 -> 69725 | H60: =H59 -> 0 | I60: =I59 -> 14417 | J60: =J59+B60-SUMIFS(рапорт!$O:$O,рапорт!$A:$A,A60)-SUMIFS(рапорт!$U:$U,рапорт!$A:$A,A60)/4 -> 119736 | K60: =K59+C60-SUMIFS(рапорт!$P:$P,рапорт!$A:$A,A60)-SUMIFS(рапорт!$U:$U,рапорт!$A:$A,A60)/4 -> 68299 | L60: =L59+D60-SUMIFS(рапорт!$Q:$Q,рапорт!$A:$A,A60)-SUMIFS(рапорт!$U:$U,рапорт!$A:$A,A60)/4 -> 0 | M60: =M59+E60-SUMIFS(рапорт!$R:$R,рапорт!$A:$A,A60)-SUMIFS(рапорт!$U:$U,рапорт!$A:$A,A60)/4 -> 14417 | O60: 46079 | T60: =SUM(P60:S60) -> 0 | U60: =U59 -> 749400 | V60: =V59 -> 0 | W60: =W59 -> 0 | X60: =X59 -> 0 | Y60: =SUM(U60:X60) -> 749400
A61: 46080 | B61: 41200 | C61: 41100 | F61: =F60 -> 42123 | G61: =G60 -> 69725 | H61: =H60 -> 0 | I61: =I60 -> 14417 | J61: =J60+B61-SUMIFS(рапорт!$O:$O,рапорт!$A:$A,A61)-SUMIFS(рапорт!$U:$U,рапорт!$A:$A,A61)/4 -> 150052 | K61: =K60+C61-SUMIFS(рапорт!$P:$P,рапорт!$A:$A,A61)-SUMIFS(рапорт!$U:$U,рапорт!$A:$A,A61)/4 -> 88372 | L61: =L60+D61-SUMIFS(рапорт!$Q:$Q,рапорт!$A:$A,A61)-SUMIFS(рапорт!$U:$U,рапорт!$A:$A,A61)/4 -> 0 | M61: =M60+E61-SUMIFS(рапорт!$R:$R,рапорт!$A:$A,A61)-SUMIFS(рапорт!$U:$U,рапорт!$A:$A,A61)/4 -> 14417 | O61: 46080 | T61: =SUM(P61:S61) -> 0 | U61: =U60 -> 749400 | V61: =V60 -> 0 | W61: =W60 -> 0 | X61: =X60 -> 0 | Y61: =SUM(U61:X61) -> 749400
A62: 46081 | F62: =F61 -> 42123 | G62: =G61 -> 69725 | H62: =H61 -> 0 | I62: =I61 -> 14417 | J62: =J61+B62-SUMIFS(рапорт!$O:$O,рапорт!$A:$A,A62)-SUMIFS(рапорт!$U:$U,рапорт!$A:$A,A62)/4 -> 132110 | K62: =K61+C62-SUMIFS(рапорт!$P:$P,рапорт!$A:$A,A62)-SUMIFS(рапорт!$U:$U,рапорт!$A:$A,A62)/4 -> 69765 | L62: =L61+D62-SUMIFS(рапорт!$Q:$Q,рапорт!$A:$A,A62)-SUMIFS(рапорт!$U:$U,рапорт!$A:$A,A62)/4 -> 0 | M62: =M61+E62-SUMIFS(рапорт!$R:$R,рапорт!$A:$A,A62)-SUMIFS(рапорт!$U:$U,рапорт!$A:$A,A62)/4 -> 14417 | O62: 46081 | T62: =SUM(P62:S62) -> 0 | U62: =U61 -> 749400 | V62: =V61 -> 0 | W62: =W61 -> 0 | X62: =X61 -> 0 | Y62: =SUM(U62:X62) -> 749400
A63: 46082 | F63: =F62 -> 42123 | G63: =G62 -> 69725 | H63: =H62 -> 0 | I63: =I62 -> 14417 | J63: =J62+B63-SUMIFS(рапорт!$O:$O,рапорт!$A:$A,A63)-SUMIFS(рапорт!$U:$U,рапорт!$A:$A,A63)/4 -> 111567 | K63: =K62+C63-SUMIFS(рапорт!$P:$P,рапорт!$A:$A,A63)-SUMIFS(рапорт!$U:$U,рапорт!$A:$A,A63)/4 -> 44747 | L63: =L62+D63-SUMIFS(рапорт!$Q:$Q,рапорт!$A:$A,A63)-SUMIFS(рапорт!$U:$U,рапорт!$A:$A,A63)/4 -> 0 | M63: =M62+E63-SUMIFS(рапорт!$R:$R,рапорт!$A:$A,A63)-SUMIFS(рапорт!$U:$U,рапорт!$A:$A,A63)/4 -> 14417 | O63: 46082 | T63: =SUM(P63:S63) -> 0 | U63: =U62 -> 749400 | V63: =V62 -> 0 | W63: =W62 -> 0 | X63: =X62 -> 0 | Y63: =SUM(U63:X63) -> 749400
A64: 46083 | B64: 40900 | C64: 37890 | F64: =F63 -> 42123 | G64: =G63 -> 69725 | H64: =H63 -> 0 | I64: =I63 -> 14417 | J64: =J63+B64-SUMIFS(рапорт!$O:$O,рапорт!$A:$A,A64)-SUMIFS(рапорт!$U:$U,рапорт!$A:$A,A64)/4 -> 144130 | K64: =K63+C64-SUMIFS(рапорт!$P:$P,рапорт!$A:$A,A64)-SUMIFS(рапорт!$U:$U,рапорт!$A:$A,A64)/4 -> 71741 | L64: =L63+D64-SUMIFS(рапорт!$Q:$Q,рапорт!$A:$A,A64)-SUMIFS(рапорт!$U:$U,рапорт!$A:$A,A64)/4 -> 0 | M64: =M63+E64-SUMIFS(рапорт!$R:$R,рапорт!$A:$A,A64)-SUMIFS(рапорт!$U:$U,рапорт!$A:$A,A64)/4 -> 14417 | O64: 46083 | T64: =SUM(P64:S64) -> 0 | U64: =U63 -> 749400 | V64: =V63 -> 0 | W64: =W63 -> 0 | X64: =X63 -> 0 | Y64: =SUM(U64:X64) -> 749400
A65: 46084 | F65: =F64 -> 42123 | G65: =G64 -> 69725 | H65: =H64 -> 0 | I65: =I64 -> 14417 | J65: =J64+B65-SUMIFS(рапорт!$O:$O,рапорт!$A:$A,A65)-SUMIFS(рапорт!$U:$U,рапорт!$A:$A,A65)/4 -> 135816 | K65: =K64+C65-SUMIFS(рапорт!$P:$P,рапорт!$A:$A,A65)-SUMIFS(рапорт!$U:$U,рапорт!$A:$A,A65)/4 -> 60813 | L65: =L64+D65-SUMIFS(рапорт!$Q:$Q,рапорт!$A:$A,A65)-SUMIFS(рапорт!$U:$U,рапорт!$A:$A,A65)/4 -> -160 | M65: =M64+E65-SUMIFS(рапорт!$R:$R,рапорт!$A:$A,A65)-SUMIFS(рапорт!$U:$U,рапорт!$A:$A,A65)/4 -> 14257 | O65: 46084 | T65: =SUM(P65:S65) -> 0 | U65: =U64 -> 749400 | V65: =V64 -> 0 | W65: =W64 -> 0 | X65: =X64 -> 0 | Y65: =SUM(U65:X65) -> 749400
A66: 46085 | D66: 40160 | E66: 38320 | F66: =F65 -> 42123 | G66: =G65 -> 69725 | H66: =H65 -> 0 | I66: =I65 -> 14417 | J66: =J65+B66-SUMIFS(рапорт!$O:$O,рапорт!$A:$A,A66)-SUMIFS(рапорт!$U:$U,рапорт!$A:$A,A66)/4 -> 126864 | K66: =K65+C66-SUMIFS(рапорт!$P:$P,рапорт!$A:$A,A66)-SUMIFS(рапорт!$U:$U,рапорт!$A:$A,A66)/4 -> 49287 | L66: =L65+D66-SUMIFS(рапорт!$Q:$Q,рапорт!$A:$A,A66)-SUMIFS(рапорт!$U:$U,рапорт!$A:$A,A66)/4 -> 40000 | M66: =M65+E66-SUMIFS(рапорт!$R:$R,рапорт!$A:$A,A66)-SUMIFS(рапорт!$U:$U,рапорт!$A:$A,A66)/4 -> 52577 | O66: 46085 | T66: =SUM(P66:S66) -> 0 | U66: =U65 -> 749400 | V66: =V65 -> 0 | W66: =W65 -> 0 | X66: =X65 -> 0 | Y66: =SUM(U66:X66) -> 749400
A67: 46086 | F67: =F66 -> 42123 | G67: =G66 -> 69725 | H67: =H66 -> 0 | I67: =I66 -> 14417 | J67: =J66+B67-SUMIFS(рапорт!$O:$O,рапорт!$A:$A,A67)-SUMIFS(рапорт!$U:$U,рапорт!$A:$A,A67)/4 -> 125585 | K67: =K66+C67-SUMIFS(рапорт!$P:$P,рапорт!$A:$A,A67)-SUMIFS(рапорт!$U:$U,рапорт!$A:$A,A67)/4 -> 43525 | L67: =L66+D67-SUMIFS(рапорт!$Q:$Q,рапорт!$A:$A,A67)-SUMIFS(рапорт!$U:$U,рапорт!$A:$A,A67)/4 -> 40000 | M67: =M66+E67-SUMIFS(рапорт!$R:$R,рапорт!$A:$A,A67)-SUMIFS(рапорт!$U:$U,рапорт!$A:$A,A67)/4 -> 52577 | O67: 46086 | T67: =SUM(P67:S67) -> 0 | U67: =U66 -> 749400 | V67: =V66 -> 0 | W67: =W66 -> 0 | X67: =X66 -> 0 | Y67: =SUM(U67:X67) -> 749400
A68: 46087 | C68: 38240 | D68: 39310 | E68: 38420 | F68: =F67 -> 42123 | G68: =G67 -> 69725 | H68: =H67 -> 0 | I68: =I67 -> 14417 | J68: =J67+B68-SUMIFS(рапорт!$O:$O,рапорт!$A:$A,A68)-SUMIFS(рапорт!$U:$U,рапорт!$A:$A,A68)/4 -> 98002 | K68: =K67+C68-SUMIFS(рапорт!$P:$P,рапорт!$A:$A,A68)-SUMIFS(рапорт!$U:$U,рапорт!$A:$A,A68)/4 -> 66112 | L68: =L67+D68-SUMIFS(рапорт!$Q:$Q,рапорт!$A:$A,A68)-SUMIFS(рапорт!$U:$U,рапорт!$A:$A,A68)/4 -> 79310 | M68: =M67+E68-SUMIFS(рапорт!$R:$R,рапорт!$A:$A,A68)-SUMIFS(рапорт!$U:$U,рапорт!$A:$A,A68)/4 -> 90997 | O68: 46087 | T68: =SUM(P68:S68) -> 0 | U68: =U67 -> 749400 | V68: =V67 -> 0 | W68: =W67 -> 0 | X68: =X67 -> 0 | Y68: =SUM(U68:X68) -> 749400
A69: 46088 | F69: =F68 -> 42123 | G69: =G68 -> 69725 | H69: =H68 -> 0 | I69: =I68 -> 14417 | J69: =J68+B69-SUMIFS(рапорт!$O:$O,рапорт!$A:$A,A69)-SUMIFS(рапорт!$U:$U,рапорт!$A:$A,A69)/4 -> 98002 | K69: =K68+C69-SUMIFS(рапорт!$P:$P,рапорт!$A:$A,A69)-SUMIFS(рапорт!$U:$U,рапорт!$A:$A,A69)/4 -> 21834 | L69: =L68+D69-SUMIFS(рапорт!$Q:$Q,рапорт!$A:$A,A69)-SUMIFS(рапорт!$U:$U,рапорт!$A:$A,A69)/4 -> 79310 | M69: =M68+E69-SUMIFS(рапорт!$R:$R,рапорт!$A:$A,A69)-SUMIFS(рапорт!$U:$U,рапорт!$A:$A,A69)/4 -> 90997 | O69: 46088 | T69: =SUM(P69:S69) -> 0 | U69: =U68 -> 749400 | V69: =V68 -> 0 | W69: =W68 -> 0 | X69: =X68 -> 0 | Y69: =SUM(U69:X69) -> 749400
A70: 46089 | F70: =F69 -> 42123 | G70: =G69 -> 69725 | H70: =H69 -> 0 | I70: =I69 -> 14417 | J70: =J69+B70-SUMIFS(рапорт!$O:$O,рапорт!$A:$A,A70)-SUMIFS(рапорт!$U:$U,рапорт!$A:$A,A70)/4 -> 67290 | K70: =K69+C70-SUMIFS(рапорт!$P:$P,рапорт!$A:$A,A70)-SUMIFS(рапорт!$U:$U,рапорт!$A:$A,A70)/4 -> 17984 | L70: =L69+D70-SUMIFS(рапорт!$Q:$Q,рапорт!$A:$A,A70)-SUMIFS(рапорт!$U:$U,рапорт!$A:$A,A70)/4 -> 79310 | M70: =M69+E70-SUMIFS(рапорт!$R:$R,рапорт!$A:$A,A70)-SUMIFS(рапорт!$U:$U,рапорт!$A:$A,A70)/4 -> 90997 | O70: 46089 | T70: =SUM(P70:S70) -> 0 | U70: =U69 -> 749400 | V70: =V69 -> 0 | W70: =W69 -> 0 | X70: =X69 -> 0 | Y70: =SUM(U70:X70) -> 749400
A71: 46090 | C71: 40740 | F71: =F70 -> 42123 | G71: =G70 -> 69725 | H71: =H70 -> 0 | I71: =I70 -> 14417 | J71: =J70+B71-SUMIFS(рапорт!$O:$O,рапорт!$A:$A,A71)-SUMIFS(рапорт!$U:$U,рапорт!$A:$A,A71)/4 -> 37828 | K71: =K70+C71-SUMIFS(рапорт!$P:$P,рапорт!$A:$A,A71)-SUMIFS(рапорт!$U:$U,рапорт!$A:$A,A71)/4 -> 58085 | L71: =L70+D71-SUMIFS(рапорт!$Q:$Q,рапорт!$A:$A,A71)-SUMIFS(рапорт!$U:$U,рапорт!$A:$A,A71)/4 -> 79310 | M71: =M70+E71-SUMIFS(рапорт!$R:$R,рапорт!$A:$A,A71)-SUMIFS(рапорт!$U:$U,рапорт!$A:$A,A71)/4 -> 90997 | O71: 46090 | T71: =SUM(P71:S71) -> 0 | U71: =U70 -> 749400 | V71: =V70 -> 0 | W71: =W70 -> 0 | X71: =X70 -> 0 | Y71: =SUM(U71:X71) -> 749400
A72: 46091 | F72: =F71 -> 42123 | G72: =G71 -> 69725 | H72: =H71 -> 0 | I72: =I71 -> 14417 | J72: =J71+B72-SUMIFS(рапорт!$O:$O,рапорт!$A:$A,A72)-SUMIFS(рапорт!$U:$U,рапорт!$A:$A,A72)/4 -> 26298 | K72: =K71+C72-SUMIFS(рапорт!$P:$P,рапорт!$A:$A,A72)-SUMIFS(рапорт!$U:$U,рапорт!$A:$A,A72)/4 -> 58085 | L72: =L71+D72-SUMIFS(рапорт!$Q:$Q,рапорт!$A:$A,A72)-SUMIFS(рапорт!$U:$U,рапорт!$A:$A,A72)/4 -> 79310 | M72: =M71+E72-SUMIFS(рапорт!$R:$R,рапорт!$A:$A,A72)-SUMIFS(рапорт!$U:$U,рапорт!$A:$A,A72)/4 -> 90997 | O72: 46091 | T72: =SUM(P72:S72) -> 0 | U72: =U71 -> 749400 | V72: =V71 -> 0 | W72: =W71 -> 0 | X72: =X71 -> 0 | Y72: =SUM(U72:X72) -> 749400
A73: 46092 | F73: =F72 -> 42123 | G73: =G72 -> 69725 | H73: =H72 -> 0 | I73: =I72 -> 14417 | J73: =J72+B73-SUMIFS(рапорт!$O:$O,рапорт!$A:$A,A73)-SUMIFS(рапорт!$U:$U,рапорт!$A:$A,A73)/4 -> 23737 | K73: =K72+C73-SUMIFS(рапорт!$P:$P,рапорт!$A:$A,A73)-SUMIFS(рапорт!$U:$U,рапорт!$A:$A,A73)/4 -> 45251 | L73: =L72+D73-SUMIFS(рапорт!$Q:$Q,рапорт!$A:$A,A73)-SUMIFS(рапорт!$U:$U,рапорт!$A:$A,A73)/4 -> 79310 | M73: =M72+E73-SUMIFS(рапорт!$R:$R,рапорт!$A:$A,A73)-SUMIFS(рапорт!$U:$U,рапорт!$A:$A,A73)/4 -> 90997 | O73: 46092 | T73: =SUM(P73:S73) -> 0 | U73: =U72 -> 749400 | V73: =V72 -> 0 | W73: =W72 -> 0 | X73: =X72 -> 0 | Y73: =SUM(U73:X73) -> 749400
A74: 46093 | F74: =F73 -> 42123 | G74: =G73 -> 69725 | H74: =H73 -> 0 | I74: =I73 -> 14417 | J74: =J73+B74-SUMIFS(рапорт!$O:$O,рапорт!$A:$A,A74)-SUMIFS(рапорт!$U:$U,рапорт!$A:$A,A74)/4 -> 8406 | K74: =K73+C74-SUMIFS(рапорт!$P:$P,рапорт!$A:$A,A74)-SUMIFS(рапорт!$U:$U,рапорт!$A:$A,A74)/4 -> 45251 | L74: =L73+D74-SUMIFS(рапорт!$Q:$Q,рапорт!$A:$A,A74)-SUMIFS(рапорт!$U:$U,рапорт!$A:$A,A74)/4 -> 79310 | M74: =M73+E74-SUMIFS(рапорт!$R:$R,рапорт!$A:$A,A74)-SUMIFS(рапорт!$U:$U,рапорт!$A:$A,A74)/4 -> 90997 | O74: 46093 | T74: =SUM(P74:S74) -> 0 | U74: =U73 -> 749400 | V74: =V73 -> 0 | W74: =W73 -> 0 | X74: =X73 -> 0 | Y74: =SUM(U74:X74) -> 749400
A75: 46094 | F75: =F74 -> 42123 | G75: =G74 -> 69725 | H75: =H74 -> 0 | I75: =I74 -> 14417 | J75: =J74+B75-SUMIFS(рапорт!$O:$O,рапорт!$A:$A,A75)-SUMIFS(рапорт!$U:$U,рапорт!$A:$A,A75)/4 -> 706 | K75: =K74+C75-SUMIFS(рапорт!$P:$P,рапорт!$A:$A,A75)-SUMIFS(рапорт!$U:$U,рапорт!$A:$A,A75)/4 -> 45251 | L75: =L74+D75-SUMIFS(рапорт!$Q:$Q,рапорт!$A:$A,A75)-SUMIFS(рапорт!$U:$U,рапорт!$A:$A,A75)/4 -> 79310 | M75: =M74+E75-SUMIFS(рапорт!$R:$R,рапорт!$A:$A,A75)-SUMIFS(рапорт!$U:$U,рапорт!$A:$A,A75)/4 -> 90997 | O75: 46094 | T75: =SUM(P75:S75) -> 0 | U75: =U74 -> 749400 | V75: =V74 -> 0 | W75: =W74 -> 0 | X75: =X74 -> 0 | Y75: =SUM(U75:X75) -> 749400
A76: 46095 | F76: =F75 -> 42123 | G76: =G75 -> 69725 | H76: =H75 -> 0 | I76: =I75 -> 14417 | J76: =J75+B76-SUMIFS(рапорт!$O:$O,рапорт!$A:$A,A76)-SUMIFS(рапорт!$U:$U,рапорт!$A:$A,A76)/4 -> 706 | K76: =K75+C76-SUMIFS(рапорт!$P:$P,рапорт!$A:$A,A76)-SUMIFS(рапорт!$U:$U,рапорт!$A:$A,A76)/4 -> 45251 | L76: =L75+D76-SUMIFS(рапорт!$Q:$Q,рапорт!$A:$A,A76)-SUMIFS(рапорт!$U:$U,рапорт!$A:$A,A76)/4 -> 63244 | M76: =M75+E76-SUMIFS(рапорт!$R:$R,рапорт!$A:$A,A76)-SUMIFS(рапорт!$U:$U,рапорт!$A:$A,A76)/4 -> 68531 | O76: 46095 | T76: =SUM(P76:S76) -> 0 | U76: =U75 -> 749400 | V76: =V75 -> 0 | W76: =W75 -> 0 | X76: =X75 -> 0 | Y76: =SUM(U76:X76) -> 749400
A77: 46096 | F77: =F76 -> 42123 | G77: =G76 -> 69725 | H77: =H76 -> 0 | I77: =I76 -> 14417 | J77: =J76+B77-SUMIFS(рапорт!$O:$O,рапорт!$A:$A,A77)-SUMIFS(рапорт!$U:$U,рапорт!$A:$A,A77)/4 -> 706 | K77: =K76+C77-SUMIFS(рапорт!$P:$P,рапорт!$A:$A,A77)-SUMIFS(рапорт!$U:$U,рапорт!$A:$A,A77)/4 -> 45251 | L77: =L76+D77-SUMIFS(рапорт!$Q:$Q,рапорт!$A:$A,A77)-SUMIFS(рапорт!$U:$U,рапорт!$A:$A,A77)/4 -> 33498 | M77: =M76+E77-SUMIFS(рапорт!$R:$R,рапорт!$A:$A,A77)-SUMIFS(рапорт!$U:$U,рапорт!$A:$A,A77)/4 -> 42298 | O77: 46096 | T77: =SUM(P77:S77) -> 0 | U77: =U76 -> 749400 | V77: =V76 -> 0 | W77: =W76 -> 0 | X77: =X76 -> 0 | Y77: =SUM(U77:X77) -> 749400
A78: 46097 | F78: =F77 -> 42123 | G78: =G77 -> 69725 | H78: =H77 -> 0 | I78: =I77 -> 14417 | J78: =J77+B78-SUMIFS(рапорт!$O:$O,рапорт!$A:$A,A78)-SUMIFS(рапорт!$U:$U,рапорт!$A:$A,A78)/4 -> 706 | K78: =K77+C78-SUMIFS(рапорт!$P:$P,рапорт!$A:$A,A78)-SUMIFS(рапорт!$U:$U,рапорт!$A:$A,A78)/4 -> 45251 | L78: =L77+D78-SUMIFS(рапорт!$Q:$Q,рапорт!$A:$A,A78)-SUMIFS(рапорт!$U:$U,рапорт!$A:$A,A78)/4 -> 33498 | M78: =M77+E78-SUMIFS(рапорт!$R:$R,рапорт!$A:$A,A78)-SUMIFS(рапорт!$U:$U,рапорт!$A:$A,A78)/4 -> 42298 | O78: 46097 | T78: =SUM(P78:S78) -> 0 | U78: =U77 -> 749400 | V78: =V77 -> 0 | W78: =W77 -> 0 | X78: =X77 -> 0 | Y78: =SUM(U78:X78) -> 749400
A79: 46098 | F79: =F78 -> 42123 | G79: =G78 -> 69725 | H79: =H78 -> 0 | I79: =I78 -> 14417 | J79: =J78+B79-SUMIFS(рапорт!$O:$O,рапорт!$A:$A,A79)-SUMIFS(рапорт!$U:$U,рапорт!$A:$A,A79)/4 -> 706 | K79: =K78+C79-SUMIFS(рапорт!$P:$P,рапорт!$A:$A,A79)-SUMIFS(рапорт!$U:$U,рапорт!$A:$A,A79)/4 -> 45251 | L79: =L78+D79-SUMIFS(рапорт!$Q:$Q,рапорт!$A:$A,A79)-SUMIFS(рапорт!$U:$U,рапорт!$A:$A,A79)/4 -> 33498 | M79: =M78+E79-SUMIFS(рапорт!$R:$R,рапорт!$A:$A,A79)-SUMIFS(рапорт!$U:$U,рапорт!$A:$A,A79)/4 -> 42298 | O79: 46098 | T79: =SUM(P79:S79) -> 0 | U79: =U78 -> 749400 | V79: =V78 -> 0 | W79: =W78 -> 0 | X79: =X78 -> 0 | Y79: =SUM(U79:X79) -> 749400
A80: 46099 | F80: =F79 -> 42123 | G80: =G79 -> 69725 | H80: =H79 -> 0 | I80: =I79 -> 14417 | J80: =J79+B80-SUMIFS(рапорт!$O:$O,рапорт!$A:$A,A80)-SUMIFS(рапорт!$U:$U,рапорт!$A:$A,A80)/4 -> 706 | K80: =K79+C80-SUMIFS(рапорт!$P:$P,рапорт!$A:$A,A80)-SUMIFS(рапорт!$U:$U,рапорт!$A:$A,A80)/4 -> 45251 | L80: =L79+D80-SUMIFS(рапорт!$Q:$Q,рапорт!$A:$A,A80)-SUMIFS(рапорт!$U:$U,рапорт!$A:$A,A80)/4 -> 33498 | M80: =M79+E80-SUMIFS(рапорт!$R:$R,рапорт!$A:$A,A80)-SUMIFS(рапорт!$U:$U,рапорт!$A:$A,A80)/4 -> 42298 | O80: 46099 | T80: =SUM(P80:S80) -> 0 | U80: =U79 -> 749400 | V80: =V79 -> 0 | W80: =W79 -> 0 | X80: =X79 -> 0 | Y80: =SUM(U80:X80) -> 749400
A81: 46100 | F81: =F80 -> 42123 | G81: =G80 -> 69725 | H81: =H80 -> 0 | I81: =I80 -> 14417 | J81: =J80+B81-SUMIFS(рапорт!$O:$O,рапорт!$A:$A,A81)-SUMIFS(рапорт!$U:$U,рапорт!$A:$A,A81)/4 -> 706 | K81: =K80+C81-SUMIFS(рапорт!$P:$P,рапорт!$A:$A,A81)-SUMIFS(рапорт!$U:$U,рапорт!$A:$A,A81)/4 -> 45251 | L81: =L80+D81-SUMIFS(рапорт!$Q:$Q,рапорт!$A:$A,A81)-SUMIFS(рапорт!$U:$U,рапорт!$A:$A,A81)/4 -> 33498 | M81: =M80+E81-SUMIFS(рапорт!$R:$R,рапорт!$A:$A,A81)-SUMIFS(рапорт!$U:$U,рапорт!$A:$A,A81)/4 -> 42298 | O81: 46100 | T81: =SUM(P81:S81) -> 0 | U81: =U80 -> 749400 | V81: =V80 -> 0 | W81: =W80 -> 0 | X81: =X80 -> 0 | Y81: =SUM(U81:X81) -> 749400
A82: 46101 | F82: =F81 -> 42123 | G82: =G81 -> 69725 | H82: =H81 -> 0 | I82: =I81 -> 14417 | J82: =J81+B82-SUMIFS(рапорт!$O:$O,рапорт!$A:$A,A82)-SUMIFS(рапорт!$U:$U,рапорт!$A:$A,A82)/4 -> 706 | K82: =K81+C82-SUMIFS(рапорт!$P:$P,рапорт!$A:$A,A82)-SUMIFS(рапорт!$U:$U,рапорт!$A:$A,A82)/4 -> 45251 | L82: =L81+D82-SUMIFS(рапорт!$Q:$Q,рапорт!$A:$A,A82)-SUMIFS(рапорт!$U:$U,рапорт!$A:$A,A82)/4 -> 33498 | M82: =M81+E82-SUMIFS(рапорт!$R:$R,рапорт!$A:$A,A82)-SUMIFS(рапорт!$U:$U,рапорт!$A:$A,A82)/4 -> 42298 | O82: 46101 | T82: =SUM(P82:S82) -> 0 | U82: =U81 -> 749400 | V82: =V81 -> 0 | W82: =W81 -> 0 | X82: =X81 -> 0 | Y82: =SUM(U82:X82) -> 749400
A83: 46102 | F83: =F82 -> 42123 | G83: =G82 -> 69725 | H83: =H82 -> 0 | I83: =I82 -> 14417 | J83: =J82+B83-SUMIFS(рапорт!$O:$O,рапорт!$A:$A,A83)-SUMIFS(рапорт!$U:$U,рапорт!$A:$A,A83)/4 -> 706 | K83: =K82+C83-SUMIFS(рапорт!$P:$P,рапорт!$A:$A,A83)-SUMIFS(рапорт!$U:$U,рапорт!$A:$A,A83)/4 -> 45251 | L83: =L82+D83-SUMIFS(рапорт!$Q:$Q,рапорт!$A:$A,A83)-SUMIFS(рапорт!$U:$U,рапорт!$A:$A,A83)/4 -> 33498 | M83: =M82+E83-SUMIFS(рапорт!$R:$R,рапорт!$A:$A,A83)-SUMIFS(рапорт!$U:$U,рапорт!$A:$A,A83)/4 -> 42298 | O83: 46102 | T83: =SUM(P83:S83) -> 0 | U83: =U82 -> 749400 | V83: =V82 -> 0 | W83: =W82 -> 0 | X83: =X82 -> 0 | Y83: =SUM(U83:X83) -> 749400
... A87: 46106 | F87: =F86 -> 42123 | G87: =G86 -> 69725 | H87: =H86 -> 0 | I87: =I86 -> 14417 | J87: =J86+B87-SUMIFS(рапорт!$O:$O,рапорт!$A:$A,A87)-SUMIFS(рапорт!$U:$U,рапорт!$A:$A,A87)/4 -> 706 | K87: =K86+C87-SUMIFS(рапорт!$P:$P,рапорт!$A:$A,A87)-SUMIFS(рапорт!$U:$U,рапорт!$A:$A,A87)/4 -> 45251 | L87: =L86+D87-SUMIFS(рапорт!$Q:$Q,рапорт!$A:$A,A87)-SUMIFS(рапорт!$U:$U,рапорт!$A:$A,A87)/4 -> 33498 | M87: =M86+E87-SUMIFS(рапорт!$R:$R,рапорт!$A:$A,A87)-SUMIFS(рапорт!$U:$U,рапорт!$A:$A,A87)/4 -> 42298 | O87: 46106 | T87: =SUM(P87:S87) -> 0 | U87: =U86 -> 749400 | V87: =V86 -> 0 | W87: =W86 -> 0 | X87: =X86 -> 0 | Y87: =SUM(U87:X87) -> 749400
A88: 46107 | D88: 39290 | E88: 41460 | F88: =F87 -> 42123 | G88: =G87 -> 69725 | H88: =H87 -> 0 | I88: =I87 -> 14417 | J88: =J87+B88-SUMIFS(рапорт!$O:$O,рапорт!$A:$A,A88)-SUMIFS(рапорт!$U:$U,рапорт!$A:$A,A88)/4 -> 706 | K88: =K87+C88-SUMIFS(рапорт!$P:$P,рапорт!$A:$A,A88)-SUMIFS(рапорт!$U:$U,рапорт!$A:$A,A88)/4 -> 45251 | L88: =L87+D88-SUMIFS(рапорт!$Q:$Q,рапорт!$A:$A,A88)-SUMIFS(рапорт!$U:$U,рапорт!$A:$A,A88)/4 -> 35057 | M88: =M87+E88-SUMIFS(рапорт!$R:$R,рапорт!$A:$A,A88)-SUMIFS(рапорт!$U:$U,рапорт!$A:$A,A88)/4 -> 54311 | O88: 46107 | T88: =SUM(P88:S88) -> 0 | U88: =U87 -> 749400 | V88: =V87 -> 0 | W88: =W87 -> 0 | X88: =X87 -> 0 | Y88: =SUM(U88:X88) -> 749400
A89: 46108 | D89: 37940 | E89: 38740 | F89: =F88 -> 42123 | G89: =G88 -> 69725 | H89: =H88 -> 0 | I89: =I88 -> 14417 | J89: =J88+B89-SUMIFS(рапорт!$O:$O,рапорт!$A:$A,A89)-SUMIFS(рапорт!$U:$U,рапорт!$A:$A,A89)/4 -> 706 | K89: =K88+C89-SUMIFS(рапорт!$P:$P,рапорт!$A:$A,A89)-SUMIFS(рапорт!$U:$U,рапорт!$A:$A,A89)/4 -> 45251 | L89: =L88+D89-SUMIFS(рапорт!$Q:$Q,рапорт!$A:$A,A89)-SUMIFS(рапорт!$U:$U,рапорт!$A:$A,A89)/4 -> 44865 | M89: =M88+E89-SUMIFS(рапорт!$R:$R,рапорт!$A:$A,A89)-SUMIFS(рапорт!$U:$U,рапорт!$A:$A,A89)/4 -> 67455 | O89: 46108 | T89: =SUM(P89:S89) -> 0 | U89: =U88 -> 749400 | V89: =V88 -> 0 | W89: =W88 -> 0 | X89: =X88 -> 0 | Y89: =SUM(U89:X89) -> 749400
A90: 46109 | D90: 39010 | E90: 38150 | F90: =F89 -> 42123 | G90: =G89 -> 69725 | H90: =H89 -> 0 | I90: =I89 -> 14417 | J90: =J89+B90-SUMIFS(рапорт!$O:$O,рапорт!$A:$A,A90)-SUMIFS(рапорт!$U:$U,рапорт!$A:$A,A90)/4 -> 706 | K90: =K89+C90-SUMIFS(рапорт!$P:$P,рапорт!$A:$A,A90)-SUMIFS(рапорт!$U:$U,рапорт!$A:$A,A90)/4 -> 45251 | L90: =L89+D90-SUMIFS(рапорт!$Q:$Q,рапорт!$A:$A,A90)-SUMIFS(рапорт!$U:$U,рапорт!$A:$A,A90)/4 -> 52578 | M90: =M89+E90-SUMIFS(рапорт!$R:$R,рапорт!$A:$A,A90)-SUMIFS(рапорт!$U:$U,рапорт!$A:$A,A90)/4 -> 75530 | O90: 46109 | T90: =SUM(P90:S90) -> 0 | U90: =U89 -> 749400 | V90: =V89 -> 0 | W90: =W89 -> 0 | X90: =X89 -> 0 | Y90: =SUM(U90:X90) -> 749400
A91: 46110 | D91: 38940 | E91: 37610 | F91: =F90 -> 42123 | G91: =G90 -> 69725 | H91: =H90 -> 0 | I91: =I90 -> 14417 | J91: =J90+B91-SUMIFS(рапорт!$O:$O,рапорт!$A:$A,A91)-SUMIFS(рапорт!$U:$U,рапорт!$A:$A,A91)/4 -> 706 | K91: =K90+C91-SUMIFS(рапорт!$P:$P,рапорт!$A:$A,A91)-SUMIFS(рапорт!$U:$U,рапорт!$A:$A,A91)/4 -> 45251 | L91: =L90+D91-SUMIFS(рапорт!$Q:$Q,рапорт!$A:$A,A91)-SUMIFS(рапорт!$U:$U,рапорт!$A:$A,A91)/4 -> 61471 | M91: =M90+E91-SUMIFS(рапорт!$R:$R,рапорт!$A:$A,A91)-SUMIFS(рапорт!$U:$U,рапорт!$A:$A,A91)/4 -> 85625 | O91: 46110 | T91: =SUM(P91:S91) -> 0 | U91: =U90 -> 749400 | V91: =V90 -> 0 | W91: =W90 -> 0 | X91: =X90 -> 0 | Y91: =SUM(U91:X91) -> 749400
A92: 46111 | F92: =F91 -> 42123 | G92: =G91 -> 69725 | H92: =H91 -> 0 | I92: =I91 -> 14417 | J92: =J91+B92-SUMIFS(рапорт!$O:$O,рапорт!$A:$A,A92)-SUMIFS(рапорт!$U:$U,рапорт!$A:$A,A92)/4 -> 706 | K92: =K91+C92-SUMIFS(рапорт!$P:$P,рапорт!$A:$A,A92)-SUMIFS(рапорт!$U:$U,рапорт!$A:$A,A92)/4 -> 45251 | L92: =L91+D92-SUMIFS(рапорт!$Q:$Q,рапорт!$A:$A,A92)-SUMIFS(рапорт!$U:$U,рапорт!$A:$A,A92)/4 -> 28853 | M92: =M91+E92-SUMIFS(рапорт!$R:$R,рапорт!$A:$A,A92)-SUMIFS(рапорт!$U:$U,рапорт!$A:$A,A92)/4 -> 53633 | O92: 46111 | T92: =SUM(P92:S92) -> 0 | U92: =U91 -> 749400 | V92: =V91 -> 0 | W92: =W91 -> 0 | X92: =X91 -> 0 | Y92: =SUM(U92:X92) -> 749400
A93: 46112 | D93: 39550 | E93: 40130 | F93: =F92 -> 42123 | G93: =G92 -> 69725 | H93: =H92 -> 0 | I93: =I92 -> 14417 | J93: =J92+B93-SUMIFS(рапорт!$O:$O,рапорт!$A:$A,A93)-SUMIFS(рапорт!$U:$U,рапорт!$A:$A,A93)/4 -> 706 | K93: =K92+C93-SUMIFS(рапорт!$P:$P,рапорт!$A:$A,A93)-SUMIFS(рапорт!$U:$U,рапорт!$A:$A,A93)/4 -> 45251 | L93: =L92+D93-SUMIFS(рапорт!$Q:$Q,рапорт!$A:$A,A93)-SUMIFS(рапорт!$U:$U,рапорт!$A:$A,A93)/4 -> 47911 | M93: =M92+E93-SUMIFS(рапорт!$R:$R,рапорт!$A:$A,A93)-SUMIFS(рапорт!$U:$U,рапорт!$A:$A,A93)/4 -> 77131 | O93: 46112 | T93: =SUM(P93:S93) -> 0 | U93: =U92 -> 749400 | V93: =V92 -> 0 | W93: =W92 -> 0 | X93: =X92 -> 0 | Y93: =SUM(U93:X93) -> 749400
A94: 46113 | D94: 39480 | F94: =F93 -> 42123 | G94: =G93 -> 69725 | H94: =H93 -> 0 | I94: =I93 -> 14417 | J94: =J93+B94-SUMIFS(рапорт!$O:$O,рапорт!$A:$A,A94)-SUMIFS(рапорт!$U:$U,рапорт!$A:$A,A94)/4 -> 706 | K94: =K93+C94-SUMIFS(рапорт!$P:$P,рапорт!$A:$A,A94)-SUMIFS(рапорт!$U:$U,рапорт!$A:$A,A94)/4 -> 45251 | L94: =L93+D94-SUMIFS(рапорт!$Q:$Q,рапорт!$A:$A,A94)-SUMIFS(рапорт!$U:$U,рапорт!$A:$A,A94)/4 -> 51543 | M94: =M93+E94-SUMIFS(рапорт!$R:$R,рапорт!$A:$A,A94)-SUMIFS(рапорт!$U:$U,рапорт!$A:$A,A94)/4 -> 43893 | O94: 46113 | T94: =SUM(P94:S94) -> 0 | U94: =U93 -> 749400 | V94: =V93 -> 0 | W94: =W93 -> 0 | X94: =X93 -> 0 | Y94: =SUM(U94:X94) -> 749400
A95: 46114 | D95: 37640 | E95: 38590 | F95: =F94 -> 42123 | G95: =G94 -> 69725 | H95: =H94 -> 0 | I95: =I94 -> 14417 | J95: =J94+B95-SUMIFS(рапорт!$O:$O,рапорт!$A:$A,A95)-SUMIFS(рапорт!$U:$U,рапорт!$A:$A,A95)/4 -> 706 | K95: =K94+C95-SUMIFS(рапорт!$P:$P,рапорт!$A:$A,A95)-SUMIFS(рапорт!$U:$U,рапорт!$A:$A,A95)/4 -> 45251 | L95: =L94+D95-SUMIFS(рапорт!$Q:$Q,рапорт!$A:$A,A95)-SUMIFS(рапорт!$U:$U,рапорт!$A:$A,A95)/4 -> 57500 | M95: =M94+E95-SUMIFS(рапорт!$R:$R,рапорт!$A:$A,A95)-SUMIFS(рапорт!$U:$U,рапорт!$A:$A,A95)/4 -> 40293 | O95: 46114 | T95: =SUM(P95:S95) -> 0 | U95: =U94 -> 749400 | V95: =V94 -> 0 | W95: =W94 -> 0 | X95: =X94 -> 0 | Y95: =SUM(U95:X95) -> 749400
A96: 46115 | D96: 41880 | E96: 39220 | F96: =F95 -> 42123 | G96: =G95 -> 69725 | H96: =H95 -> 0 | I96: =I95 -> 14417 | J96: =J95+B96-SUMIFS(рапорт!$O:$O,рапорт!$A:$A,A96)-SUMIFS(рапорт!$U:$U,рапорт!$A:$A,A96)/4 -> 706 | K96: =K95+C96-SUMIFS(рапорт!$P:$P,рапорт!$A:$A,A96)-SUMIFS(рапорт!$U:$U,рапорт!$A:$A,A96)/4 -> 45251 | L96: =L95+D96-SUMIFS(рапорт!$Q:$Q,рапорт!$A:$A,A96)-SUMIFS(рапорт!$U:$U,рапорт!$A:$A,A96)/4 -> 84322 | M96: =M95+E96-SUMIFS(рапорт!$R:$R,рапорт!$A:$A,A96)-SUMIFS(рапорт!$U:$U,рапорт!$A:$A,A96)/4 -> 64809 | O96: 46115 | T96: =SUM(P96:S96) -> 0 | U96: =U95 -> 749400 | V96: =V95 -> 0 | W96: =W95 -> 0 | X96: =X95 -> 0 | Y96: =SUM(U96:X96) -> 749400
A97: 46116 | D97: 40250 | E97: 39960 | F97: =F96 -> 42123 | G97: =G96 -> 69725 | H97: =H96 -> 0 | I97: =I96 -> 14417 | J97: =J96+B97-SUMIFS(рапорт!$O:$O,рапорт!$A:$A,A97)-SUMIFS(рапорт!$U:$U,рапорт!$A:$A,A97)/4 -> 706 | K97: =K96+C97-SUMIFS(рапорт!$P:$P,рапорт!$A:$A,A97)-SUMIFS(рапорт!$U:$U,рапорт!$A:$A,A97)/4 -> 45251 | L97: =L96+D97-SUMIFS(рапорт!$Q:$Q,рапорт!$A:$A,A97)-SUMIFS(рапорт!$U:$U,рапорт!$A:$A,A97)/4 -> 83613 | M97: =M96+E97-SUMIFS(рапорт!$R:$R,рапорт!$A:$A,A97)-SUMIFS(рапорт!$U:$U,рапорт!$A:$A,A97)/4 -> 62544 | O97: 46116 | T97: =SUM(P97:S97) -> 0 | U97: =U96 -> 749400 | V97: =V96 -> 0 | W97: =W96 -> 0 | X97: =X96 -> 0 | Y97: =SUM(U97:X97) -> 749400
A98: 46117 | D98: 40000 | E98: 40210 | F98: =F97 -> 42123 | G98: =G97 -> 69725 | H98: =H97 -> 0 | I98: =I97 -> 14417 | J98: =J97+B98-SUMIFS(рапорт!$O:$O,рапорт!$A:$A,A98)-SUMIFS(рапорт!$U:$U,рапорт!$A:$A,A98)/4 -> 706 | K98: =K97+C98-SUMIFS(рапорт!$P:$P,рапорт!$A:$A,A98)-SUMIFS(рапорт!$U:$U,рапорт!$A:$A,A98)/4 -> 45251 | L98: =L97+D98-SUMIFS(рапорт!$Q:$Q,рапорт!$A:$A,A98)-SUMIFS(рапорт!$U:$U,рапорт!$A:$A,A98)/4 -> 83788 | M98: =M97+E98-SUMIFS(рапорт!$R:$R,рапорт!$A:$A,A98)-SUMIFS(рапорт!$U:$U,рапорт!$A:$A,A98)/4 -> 63112 | O98: 46117 | T98: =SUM(P98:S98) -> 0 | U98: =U97 -> 749400 | V98: =V97 -> 0 | W98: =W97 -> 0 | X98: =X97 -> 0 | Y98: =SUM(U98:X98) -> 749400
A99: 46118 | D99: 39500 | E99: 37930 | F99: =F98 -> 42123 | G99: =G98 -> 69725 | H99: =H98 -> 0 | I99: =I98 -> 14417 | J99: =J98+B99-SUMIFS(рапорт!$O:$O,рапорт!$A:$A,A99)-SUMIFS(рапорт!$U:$U,рапорт!$A:$A,A99)/4 -> 706 | K99: =K98+C99-SUMIFS(рапорт!$P:$P,рапорт!$A:$A,A99)-SUMIFS(рапорт!$U:$U,рапорт!$A:$A,A99)/4 -> 45251 | L99: =L98+D99-SUMIFS(рапорт!$Q:$Q,рапорт!$A:$A,A99)-SUMIFS(рапорт!$U:$U,рапорт!$A:$A,A99)/4 -> 88759 | M99: =M98+E99-SUMIFS(рапорт!$R:$R,рапорт!$A:$A,A99)-SUMIFS(рапорт!$U:$U,рапорт!$A:$A,A99)/4 -> 61392 | O99: 46118 | T99: =SUM(P99:S99) -> 0 | U99: =U98 -> 749400 | V99: =V98 -> 0 | W99: =W98 -> 0 | X99: =X98 -> 0 | Y99: =SUM(U99:X99) -> 749400
A100: 46119 | E100: 39530 | F100: =F99 -> 42123 | G100: =G99 -> 69725 | H100: =H99 -> 0 | I100: =I99 -> 14417 | J100: =J99+B100-SUMIFS(рапорт!$O:$O,рапорт!$A:$A,A100)-SUMIFS(рапорт!$U:$U,рапорт!$A:$A,A100)/4 -> 706 | K100: =K99+C100-SUMIFS(рапорт!$P:$P,рапорт!$A:$A,A100)-SUMIFS(рапорт!$U:$U,рапорт!$A:$A,A100)/4 -> 45251 | L100: =L99+D100-SUMIFS(рапорт!$Q:$Q,рапорт!$A:$A,A100)-SUMIFS(рапорт!$U:$U,рапорт!$A:$A,A100)/4 -> 56770 | M100: =M99+E100-SUMIFS(рапорт!$R:$R,рапорт!$A:$A,A100)-SUMIFS(рапорт!$U:$U,рапорт!$A:$A,A100)/4 -> 68943 | O100: 46119 | T100: =SUM(P100:S100) -> 0 | U100: =U99 -> 749400 | V100: =V99 -> 0 | W100: =W99 -> 0 | X100: =X99 -> 0 | Y100: =SUM(U100:X100) -> 749400
A101: 46120 | D101: 39330 | E101: 40070 | F101: =F100 -> 42123 | G101: =G100 -> 69725 | H101: =H100 -> 0 | I101: =I100 -> 14417 | J101: =J100+B101-SUMIFS(рапорт!$O:$O,рапорт!$A:$A,A101)-SUMIFS(рапорт!$U:$U,рапорт!$A:$A,A101)/4 -> 706 | K101: =K100+C101-SUMIFS(рапорт!$P:$P,рапорт!$A:$A,A101)-SUMIFS(рапорт!$U:$U,рапорт!$A:$A,A101)/4 -> 45251 | L101: =L100+D101-SUMIFS(рапорт!$Q:$Q,рапорт!$A:$A,A101)-SUMIFS(рапорт!$U:$U,рапорт!$A:$A,A101)/4 -> 59007 | M101: =M100+E101-SUMIFS(рапорт!$R:$R,рапорт!$A:$A,A101)-SUMIFS(рапорт!$U:$U,рапорт!$A:$A,A101)/4 -> 71910 | O101: 46120 | T101: =SUM(P101:S101) -> 0 | U101: =U100 -> 749400 | V101: =V100 -> 0 | W101: =W100 -> 0 | X101: =X100 -> 0 | Y101: =SUM(U101:X101) -> 749400
A102: 46121 | D102: 39850 | E102: 39680 | F102: =F101 -> 42123 | G102: =G101 -> 69725 | H102: =H101 -> 0 | I102: =I101 -> 14417 | J102: =J101+B102-SUMIFS(рапорт!$O:$O,рапорт!$A:$A,A102)-SUMIFS(рапорт!$U:$U,рапорт!$A:$A,A102)/4 -> 706 | K102: =K101+C102-SUMIFS(рапорт!$P:$P,рапорт!$A:$A,A102)-SUMIFS(рапорт!$U:$U,рапорт!$A:$A,A102)/4 -> 45251 | L102: =L101+D102-SUMIFS(рапорт!$Q:$Q,рапорт!$A:$A,A102)-SUMIFS(рапорт!$U:$U,рапорт!$A:$A,A102)/4 -> 65593 | M102: =M101+E102-SUMIFS(рапорт!$R:$R,рапорт!$A:$A,A102)-SUMIFS(рапорт!$U:$U,рапорт!$A:$A,A102)/4 -> 78965 | O102: 46121 | T102: =SUM(P102:S102) -> 0 | U102: =U101 -> 749400 | V102: =V101 -> 0 | W102: =W101 -> 0 | X102: =X101 -> 0 | Y102: =SUM(U102:X102) -> 749400
A103: 46122 | D103: 42130 | E103: 40670 | F103: =F102 -> 42123 | G103: =G102 -> 69725 | H103: =H102 -> 0 | I103: =I102 -> 14417 | J103: =J102+B103-SUMIFS(рапорт!$O:$O,рапорт!$A:$A,A103)-SUMIFS(рапорт!$U:$U,рапорт!$A:$A,A103)/4 -> 706 | K103: =K102+C103-SUMIFS(рапорт!$P:$P,рапорт!$A:$A,A103)-SUMIFS(рапорт!$U:$U,рапорт!$A:$A,A103)/4 -> 45251 | L103: =L102+D103-SUMIFS(рапорт!$Q:$Q,рапорт!$A:$A,A103)-SUMIFS(рапорт!$U:$U,рапорт!$A:$A,A103)/4 -> 105803 | M103: =M102+E103-SUMIFS(рапорт!$R:$R,рапорт!$A:$A,A103)-SUMIFS(рапорт!$U:$U,рапорт!$A:$A,A103)/4 -> 118395 | O103: 46122 | T103: =SUM(P103:S103) -> 0 | U103: =U102 -> 749400 | V103: =V102 -> 0 | W103: =W102 -> 0 | X103: =X102 -> 0 | Y103: =SUM(U103:X103) -> 749400
A104: 46123 | F104: =F103 -> 42123 | G104: =G103 -> 69725 | H104: =H103 -> 0 | I104: =I103 -> 14417 | J104: =J103+B104-SUMIFS(рапорт!$O:$O,рапорт!$A:$A,A104)-SUMIFS(рапорт!$U:$U,рапорт!$A:$A,A104)/4 -> 706 | K104: =K103+C104-SUMIFS(рапорт!$P:$P,рапорт!$A:$A,A104)-SUMIFS(рапорт!$U:$U,рапорт!$A:$A,A104)/4 -> 45251 | L104: =L103+D104-SUMIFS(рапорт!$Q:$Q,рапорт!$A:$A,A104)-SUMIFS(рапорт!$U:$U,рапорт!$A:$A,A104)/4 -> 105803 | M104: =M103+E104-SUMIFS(рапорт!$R:$R,рапорт!$A:$A,A104)-SUMIFS(рапорт!$U:$U,рапорт!$A:$A,A104)/4 -> 118395 | O104: 46123 | T104: =SUM(P104:S104) -> 0 | U104: =U103 -> 749400 | V104: =V103 -> 0 | W104: =W103 -> 0 | X104: =X103 -> 0 | Y104: =SUM(U104:X104) -> 749400
A105: 46124 | F105: =F104 -> 42123 | G105: =G104 -> 69725 | H105: =H104 -> 0 | I105: =I104 -> 14417 | J105: =J104+B105-SUMIFS(рапорт!$O:$O,рапорт!$A:$A,A105)-SUMIFS(рапорт!$U:$U,рапорт!$A:$A,A105)/4 -> 706 | K105: =K104+C105-SUMIFS(рапорт!$P:$P,рапорт!$A:$A,A105)-SUMIFS(рапорт!$U:$U,рапорт!$A:$A,A105)/4 -> 45251 | L105: =L104+D105-SUMIFS(рапорт!$Q:$Q,рапорт!$A:$A,A105)-SUMIFS(рапорт!$U:$U,рапорт!$A:$A,A105)/4 -> 80889 | M105: =M104+E105-SUMIFS(рапорт!$R:$R,рапорт!$A:$A,A105)-SUMIFS(рапорт!$U:$U,рапорт!$A:$A,A105)/4 -> 95380 | O105: 46124 | T105: =SUM(P105:S105) -> 0 | U105: =U104 -> 749400 | V105: =V104 -> 0 | W105: =W104 -> 0 | X105: =X104 -> 0 | Y105: =SUM(U105:X105) -> 749400
A106: 46125 | D106: 40730 | F106: =F105 -> 42123 | G106: =G105 -> 69725 | H106: =H105 -> 0 | I106: =I105 -> 14417 | J106: =J105+B106-SUMIFS(рапорт!$O:$O,рапорт!$A:$A,A106)-SUMIFS(рапорт!$U:$U,рапорт!$A:$A,A106)/4 -> 706 | K106: =K105+C106-SUMIFS(рапорт!$P:$P,рапорт!$A:$A,A106)-SUMIFS(рапорт!$U:$U,рапорт!$A:$A,A106)/4 -> 45251 | L106: =L105+D106-SUMIFS(рапорт!$Q:$Q,рапорт!$A:$A,A106)-SUMIFS(рапорт!$U:$U,рапорт!$A:$A,A106)/4 -> 83906 | M106: =M105+E106-SUMIFS(рапорт!$R:$R,рапорт!$A:$A,A106)-SUMIFS(рапорт!$U:$U,рапорт!$A:$A,A106)/4 -> 57029 | O106: 46125 | T106: =SUM(P106:S106) -> 0 | U106: =U105 -> 749400 | V106: =V105 -> 0 | W106: =W105 -> 0 | X106: =X105 -> 0 | Y106: =SUM(U106:X106) -> 749400
A107: 46126 | D107: 40610 | E107: 40360 | F107: =F106 -> 42123 | G107: =G106 -> 69725 | H107: =H106 -> 0 | I107: =I106 -> 14417 | J107: =J106+B107-SUMIFS(рапорт!$O:$O,рапорт!$A:$A,A107)-SUMIFS(рапорт!$U:$U,рапорт!$A:$A,A107)/4 -> 706 | K107: =K106+C107-SUMIFS(рапорт!$P:$P,рапорт!$A:$A,A107)-SUMIFS(рапорт!$U:$U,рапорт!$A:$A,A107)/4 -> 45251 | L107: =L106+D107-SUMIFS(рапорт!$Q:$Q,рапорт!$A:$A,A107)-SUMIFS(рапорт!$U:$U,рапорт!$A:$A,A107)/4 -> 89360 | M107: =M106+E107-SUMIFS(рапорт!$R:$R,рапорт!$A:$A,A107)-SUMIFS(рапорт!$U:$U,рапорт!$A:$A,A107)/4 -> 62852 | O107: 46126 | T107: =SUM(P107:S107) -> 0 | U107: =U106 -> 749400 | V107: =V106 -> 0 | W107: =W106 -> 0 | X107: =X106 -> 0 | Y107: =SUM(U107:X107) -> 749400
A108: 46127 | D108: 40460 | E108: 39700 | F108: =F107 -> 42123 | G108: =G107 -> 69725 | H108: =H107 -> 0 | I108: =I107 -> 14417 | J108: =J107+B108-SUMIFS(рапорт!$O:$O,рапорт!$A:$A,A108)-SUMIFS(рапорт!$U:$U,рапорт!$A:$A,A108)/4 -> 706 | K108: =K107+C108-SUMIFS(рапорт!$P:$P,рапорт!$A:$A,A108)-SUMIFS(рапорт!$U:$U,рапорт!$A:$A,A108)/4 -> 45251 | L108: =L107+D108-SUMIFS(рапорт!$Q:$Q,рапорт!$A:$A,A108)-SUMIFS(рапорт!$U:$U,рапорт!$A:$A,A108)/4 -> 92737 | M108: =M107+E108-SUMIFS(рапорт!$R:$R,рапорт!$A:$A,A108)-SUMIFS(рапорт!$U:$U,рапорт!$A:$A,A108)/4 -> 64828 | O108: 46127 | T108: =SUM(P108:S108) -> 0 | U108: =U107 -> 749400 | V108: =V107 -> 0 | W108: =W107 -> 0 | X108: =X107 -> 0 | Y108: =SUM(U108:X108) -> 749400
A109: 46128 | D109: 39730 | E109: 40480 | F109: =F108 -> 42123 | G109: =G108 -> 69725 | H109: =H108 -> 0 | I109: =I108 -> 14417 | J109: =J108+B109-SUMIFS(рапорт!$O:$O,рапорт!$A:$A,A109)-SUMIFS(рапорт!$U:$U,рапорт!$A:$A,A109)/4 -> 706 | K109: =K108+C109-SUMIFS(рапорт!$P:$P,рапорт!$A:$A,A109)-SUMIFS(рапорт!$U:$U,рапорт!$A:$A,A109)/4 -> 45251 | L109: =L108+D109-SUMIFS(рапорт!$Q:$Q,рапорт!$A:$A,A109)-SUMIFS(рапорт!$U:$U,рапорт!$A:$A,A109)/4 -> 93375 | M109: =M108+E109-SUMIFS(рапорт!$R:$R,рапорт!$A:$A,A109)-SUMIFS(рапорт!$U:$U,рапорт!$A:$A,A109)/4 -> 66240 | O109: 46128 | T109: =SUM(P109:S109) -> 0 | U109: =U108 -> 749400 | V109: =V108 -> 0 | W109: =W108 -> 0 | X109: =X108 -> 0 | Y109: =SUM(U109:X109) -> 749400
A110: 46129 | E110: 39910 | F110: =F109 -> 42123 | G110: =G109 -> 69725 | H110: =H109 -> 0 | I110: =I109 -> 14417 | J110: =J109+B110-SUMIFS(рапорт!$O:$O,рапорт!$A:$A,A110)-SUMIFS(рапорт!$U:$U,рапорт!$A:$A,A110)/4 -> 706 | K110: =K109+C110-SUMIFS(рапорт!$P:$P,рапорт!$A:$A,A110)-SUMIFS(рапорт!$U:$U,рапорт!$A:$A,A110)/4 -> 45251 | L110: =L109+D110-SUMIFS(рапорт!$Q:$Q,рапорт!$A:$A,A110)-SUMIFS(рапорт!$U:$U,рапорт!$A:$A,A110)/4 -> 54942 | M110: =M109+E110-SUMIFS(рапорт!$R:$R,рапорт!$A:$A,A110)-SUMIFS(рапорт!$U:$U,рапорт!$A:$A,A110)/4 -> 69690 | O110: 46129 | T110: =SUM(P110:S110) -> 0 | U110: =U109 -> 749400 | V110: =V109 -> 0 | W110: =W109 -> 0 | X110: =X109 -> 0 | Y110: =SUM(U110:X110) -> 749400
A111: 46130 | D111: 39750 | F111: =F110 -> 42123 | G111: =G110 -> 69725 | H111: =H110 -> 0 | I111: =I110 -> 14417 | J111: =J110+B111-SUMIFS(рапорт!$O:$O,рапорт!$A:$A,A111)-SUMIFS(рапорт!$U:$U,рапорт!$A:$A,A111)/4 -> 706 | K111: =K110+C111-SUMIFS(рапорт!$P:$P,рапорт!$A:$A,A111)-SUMIFS(рапорт!$U:$U,рапорт!$A:$A,A111)/4 -> 45251 | L111: =L110+D111-SUMIFS(рапорт!$Q:$Q,рапорт!$A:$A,A111)-SUMIFS(рапорт!$U:$U,рапорт!$A:$A,A111)/4 -> 56904 | M111: =M110+E111-SUMIFS(рапорт!$R:$R,рапорт!$A:$A,A111)-SUMIFS(рапорт!$U:$U,рапорт!$A:$A,A111)/4 -> 34269 | O111: 46130 | T111: =SUM(P111:S111) -> 0 | U111: =U110 -> 749400 | V111: =V110 -> 0 | W111: =W110 -> 0 | X111: =X110 -> 0 | Y111: =SUM(U111:X111) -> 749400
A112: 46131 | B112: 40090 | C112: 40280 | F112: =F111 -> 42123 | G112: =G111 -> 69725 | H112: =H111 -> 0 | I112: =I111 -> 14417 | J112: =J111+B112-SUMIFS(рапорт!$O:$O,рапорт!$A:$A,A112)-SUMIFS(рапорт!$U:$U,рапорт!$A:$A,A112)/4 -> 40796 | K112: =K111+C112-SUMIFS(рапорт!$P:$P,рапорт!$A:$A,A112)-SUMIFS(рапорт!$U:$U,рапорт!$A:$A,A112)/4 -> 85531 | L112: =L111+D112-SUMIFS(рапорт!$Q:$Q,рапорт!$A:$A,A112)-SUMIFS(рапорт!$U:$U,рапорт!$A:$A,A112)/4 -> 48580 | M112: =M111+E112-SUMIFS(рапорт!$R:$R,рапорт!$A:$A,A112)-SUMIFS(рапорт!$U:$U,рапорт!$A:$A,A112)/4 -> 15697 | O112: 46131 | T112: =SUM(P112:S112) -> 0 | U112: =U111 -> 749400 | V112: =V111 -> 0 | W112: =W111 -> 0 | X112: =X111 -> 0 | Y112: =SUM(U112:X112) -> 749400
A113: 46132 | F113: =F112 -> 42123 | G113: =G112 -> 69725 | H113: =H112 -> 0 | I113: =I112 -> 14417 | J113: =J112+B113-SUMIFS(рапорт!$O:$O,рапорт!$A:$A,A113)-SUMIFS(рапорт!$U:$U,рапорт!$A:$A,A113)/4 -> 40796 | K113: =K112+C113-SUMIFS(рапорт!$P:$P,рапорт!$A:$A,A113)-SUMIFS(рапорт!$U:$U,рапорт!$A:$A,A113)/4 -> 85531 | L113: =L112+D113-SUMIFS(рапорт!$Q:$Q,рапорт!$A:$A,A113)-SUMIFS(рапорт!$U:$U,рапорт!$A:$A,A113)/4 -> 48580 | M113: =M112+E113-SUMIFS(рапорт!$R:$R,рапорт!$A:$A,A113)-SUMIFS(рапорт!$U:$U,рапорт!$A:$A,A113)/4 -> 15697 | O113: 46132 | T113: =SUM(P113:S113) -> 0 | U113: =U112 -> 749400 | V113: =V112 -> 0 | W113: =W112 -> 0 | X113: =X112 -> 0 | Y113: =SUM(U113:X113) -> 749400
A114: 46133 | F114: =F113 -> 42123 | G114: =G113 -> 69725 | H114: =H113 -> 0 | I114: =I113 -> 14417 | J114: =J113+B114-SUMIFS(рапорт!$O:$O,рапорт!$A:$A,A114)-SUMIFS(рапорт!$U:$U,рапорт!$A:$A,A114)/4 -> 40796 | K114: =K113+C114-SUMIFS(рапорт!$P:$P,рапорт!$A:$A,A114)-SUMIFS(рапорт!$U:$U,рапорт!$A:$A,A114)/4 -> 85531 | L114: =L113+D114-SUMIFS(рапорт!$Q:$Q,рапорт!$A:$A,A114)-SUMIFS(рапорт!$U:$U,рапорт!$A:$A,A114)/4 -> 48580 | M114: =M113+E114-SUMIFS(рапорт!$R:$R,рапорт!$A:$A,A114)-SUMIFS(рапорт!$U:$U,рапорт!$A:$A,A114)/4 -> 15697 | O114: 46133 | T114: =SUM(P114:S114) -> 0 | U114: =U113 -> 749400 | V114: =V113 -> 0 | W114: =W113 -> 0 | X114: =X113 -> 0 | Y114: =SUM(U114:X114) -> 749400
A115: 46134 | F115: =F114 -> 42123 | G115: =G114 -> 69725 | H115: =H114 -> 0 | I115: =I114 -> 14417 | J115: =J114+B115-SUMIFS(рапорт!$O:$O,рапорт!$A:$A,A115)-SUMIFS(рапорт!$U:$U,рапорт!$A:$A,A115)/4 -> 40796 | K115: =K114+C115-SUMIFS(рапорт!$P:$P,рапорт!$A:$A,A115)-SUMIFS(рапорт!$U:$U,рапорт!$A:$A,A115)/4 -> 85531 | L115: =L114+D115-SUMIFS(рапорт!$Q:$Q,рапорт!$A:$A,A115)-SUMIFS(рапорт!$U:$U,рапорт!$A:$A,A115)/4 -> 48580 | M115: =M114+E115-SUMIFS(рапорт!$R:$R,рапорт!$A:$A,A115)-SUMIFS(рапорт!$U:$U,рапорт!$A:$A,A115)/4 -> 15697 | O115: 46134 | T115: =SUM(P115:S115) -> 0 | U115: =U114 -> 749400 | V115: =V114 -> 0 | W115: =W114 -> 0 | X115: =X114 -> 0 | Y115: =SUM(U115:X115) -> 749400
A116: 46135 | F116: =F115 -> 42123 | G116: =G115 -> 69725 | H116: =H115 -> 0 | I116: =I115 -> 14417 | J116: =J115+B116-SUMIFS(рапорт!$O:$O,рапорт!$A:$A,A116)-SUMIFS(рапорт!$U:$U,рапорт!$A:$A,A116)/4 -> 40796 | K116: =K115+C116-SUMIFS(рапорт!$P:$P,рапорт!$A:$A,A116)-SUMIFS(рапорт!$U:$U,рапорт!$A:$A,A116)/4 -> 85531 | L116: =L115+D116-SUMIFS(рапорт!$Q:$Q,рапорт!$A:$A,A116)-SUMIFS(рапорт!$U:$U,рапорт!$A:$A,A116)/4 -> 48580 | M116: =M115+E116-SUMIFS(рапорт!$R:$R,рапорт!$A:$A,A116)-SUMIFS(рапорт!$U:$U,рапорт!$A:$A,A116)/4 -> 15697 | O116: 46135 | T116: =SUM(P116:S116) -> 0 | U116: =U115 -> 749400 | V116: =V115 -> 0 | W116: =W115 -> 0 | X116: =X115 -> 0 | Y116: =SUM(U116:X116) -> 749400
A117: 46136 | F117: =F116 -> 42123 | G117: =G116 -> 69725 | H117: =H116 -> 0 | I117: =I116 -> 14417 | J117: =J116+B117-SUMIFS(рапорт!$O:$O,рапорт!$A:$A,A117)-SUMIFS(рапорт!$U:$U,рапорт!$A:$A,A117)/4 -> 40796 | K117: =K116+C117-SUMIFS(рапорт!$P:$P,рапорт!$A:$A,A117)-SUMIFS(рапорт!$U:$U,рапорт!$A:$A,A117)/4 -> 85531 | L117: =L116+D117-SUMIFS(рапорт!$Q:$Q,рапорт!$A:$A,A117)-SUMIFS(рапорт!$U:$U,рапорт!$A:$A,A117)/4 -> 48580 | M117: =M116+E117-SUMIFS(рапорт!$R:$R,рапорт!$A:$A,A117)-SUMIFS(рапорт!$U:$U,рапорт!$A:$A,A117)/4 -> 15697 | O117: 46136 | T117: =SUM(P117:S117) -> 0 | U117: =U116 -> 749400 | V117: =V116 -> 0 | W117: =W116 -> 0 | X117: =X116 -> 0 | Y117: =SUM(U117:X117) -> 749400
A118: 46137 | F118: =F117 -> 42123 | G118: =G117 -> 69725 | H118: =H117 -> 0 | I118: =I117 -> 14417 | J118: =J117+B118-SUMIFS(рапорт!$O:$O,рапорт!$A:$A,A118)-SUMIFS(рапорт!$U:$U,рапорт!$A:$A,A118)/4 -> 40796 | K118: =K117+C118-SUMIFS(рапорт!$P:$P,рапорт!$A:$A,A118)-SUMIFS(рапорт!$U:$U,рапорт!$A:$A,A118)/4 -> 85531 | L118: =L117+D118-SUMIFS(рапорт!$Q:$Q,рапорт!$A:$A,A118)-SUMIFS(рапорт!$U:$U,рапорт!$A:$A,A118)/4 -> 48580 | M118: =M117+E118-SUMIFS(рапорт!$R:$R,рапорт!$A:$A,A118)-SUMIFS(рапорт!$U:$U,рапорт!$A:$A,A118)/4 -> 15697 | O118: 46137 | T118: =SUM(P118:S118) -> 0 | U118: =U117 -> 749400 | V118: =V117 -> 0 | W118: =W117 -> 0 | X118: =X117 -> 0 | Y118: =SUM(U118:X118) -> 749400
A119: 46138 | F119: =F118 -> 42123 | G119: =G118 -> 69725 | H119: =H118 -> 0 | I119: =I118 -> 14417 | J119: =J118+B119-SUMIFS(рапорт!$O:$O,рапорт!$A:$A,A119)-SUMIFS(рапорт!$U:$U,рапорт!$A:$A,A119)/4 -> 40796 | K119: =K118+C119-SUMIFS(рапорт!$P:$P,рапорт!$A:$A,A119)-SUMIFS(рапорт!$U:$U,рапорт!$A:$A,A119)/4 -> 85531 | L119: =L118+D119-SUMIFS(рапорт!$Q:$Q,рапорт!$A:$A,A119)-SUMIFS(рапорт!$U:$U,рапорт!$A:$A,A119)/4 -> 48580 | M119: =M118+E119-SUMIFS(рапорт!$R:$R,рапорт!$A:$A,A119)-SUMIFS(рапорт!$U:$U,рапорт!$A:$A,A119)/4 -> 15697 | O119: 46138 | T119: =SUM(P119:S119) -> 0 | U119: =U118 -> 749400 | V119: =V118 -> 0 | W119: =W118 -> 0 | X119: =X118 -> 0 | Y119: =SUM(U119:X119) -> 749400
A120: 46139 | F120: =F119 -> 42123 | G120: =G119 -> 69725 | H120: =H119 -> 0 | I120: =I119 -> 14417 | J120: =J119+B120-SUMIFS(рапорт!$O:$O,рапорт!$A:$A,A120)-SUMIFS(рапорт!$U:$U,рапорт!$A:$A,A120)/4 -> 40796 | K120: =K119+C120-SUMIFS(рапорт!$P:$P,рапорт!$A:$A,A120)-SUMIFS(рапорт!$U:$U,рапорт!$A:$A,A120)/4 -> 85531 | L120: =L119+D120-SUMIFS(рапорт!$Q:$Q,рапорт!$A:$A,A120)-SUMIFS(рапорт!$U:$U,рапорт!$A:$A,A120)/4 -> 48580 | M120: =M119+E120-SUMIFS(рапорт!$R:$R,рапорт!$A:$A,A120)-SUMIFS(рапорт!$U:$U,рапорт!$A:$A,A120)/4 -> 15697 | O120: 46139 | T120: =SUM(P120:S120) -> 0 | U120: =U119 -> 749400 | V120: =V119 -> 0 | W120: =W119 -> 0 | X120: =X119 -> 0 | Y120: =SUM(U120:X120) -> 749400
A121: 46140 | F121: =F120 -> 42123 | G121: =G120 -> 69725 | H121: =H120 -> 0 | I121: =I120 -> 14417 | J121: =J120+B121-SUMIFS(рапорт!$O:$O,рапорт!$A:$A,A121)-SUMIFS(рапорт!$U:$U,рапорт!$A:$A,A121)/4 -> 40796 | K121: =K120+C121-SUMIFS(рапорт!$P:$P,рапорт!$A:$A,A121)-SUMIFS(рапорт!$U:$U,рапорт!$A:$A,A121)/4 -> 85531 | L121: =L120+D121-SUMIFS(рапорт!$Q:$Q,рапорт!$A:$A,A121)-SUMIFS(рапорт!$U:$U,рапорт!$A:$A,A121)/4 -> 48580 | M121: =M120+E121-SUMIFS(рапорт!$R:$R,рапорт!$A:$A,A121)-SUMIFS(рапорт!$U:$U,рапорт!$A:$A,A121)/4 -> 15697 | O121: 46140 | T121: =SUM(P121:S121) -> 0 | U121: =U120 -> 749400 | V121: =V120 -> 0 | W121: =W120 -> 0 | X121: =X120 -> 0 | Y121: =SUM(U121:X121) -> 749400
A122: 46141 | F122: =F121 -> 42123 | G122: =G121 -> 69725 | H122: =H121 -> 0 | I122: =I121 -> 14417 | J122: =J121+B122-SUMIFS(рапорт!$O:$O,рапорт!$A:$A,A122)-SUMIFS(рапорт!$U:$U,рапорт!$A:$A,A122)/4 -> 40796 | K122: =K121+C122-SUMIFS(рапорт!$P:$P,рапорт!$A:$A,A122)-SUMIFS(рапорт!$U:$U,рапорт!$A:$A,A122)/4 -> 85531 | L122: =L121+D122-SUMIFS(рапорт!$Q:$Q,рапорт!$A:$A,A122)-SUMIFS(рапорт!$U:$U,рапорт!$A:$A,A122)/4 -> 48580 | M122: =M121+E122-SUMIFS(рапорт!$R:$R,рапорт!$A:$A,A122)-SUMIFS(рапорт!$U:$U,рапорт!$A:$A,A122)/4 -> 15697 | O122: 46141 | T122: =SUM(P122:S122) -> 0 | U122: =U121 -> 749400 | V122: =V121 -> 0 | W122: =W121 -> 0 | X122: =X121 -> 0 | Y122: =SUM(U122:X122) -> 749400
A123: 46142 | F123: =F122 -> 42123 | G123: =G122 -> 69725 | H123: =H122 -> 0 | I123: =I122 -> 14417 | J123: =J122+B123-SUMIFS(рапорт!$O:$O,рапорт!$A:$A,A123)-SUMIFS(рапорт!$U:$U,рапорт!$A:$A,A123)/4 -> 40796 | K123: =K122+C123-SUMIFS(рапорт!$P:$P,рапорт!$A:$A,A123)-SUMIFS(рапорт!$U:$U,рапорт!$A:$A,A123)/4 -> 85531 | L123: =L122+D123-SUMIFS(рапорт!$Q:$Q,рапорт!$A:$A,A123)-SUMIFS(рапорт!$U:$U,рапорт!$A:$A,A123)/4 -> 48580 | M123: =M122+E123-SUMIFS(рапорт!$R:$R,рапорт!$A:$A,A123)-SUMIFS(рапорт!$U:$U,рапорт!$A:$A,A123)/4 -> 15697 | O123: 46142 | T123: =SUM(P123:S123) -> 0 | U123: =U122 -> 749400 | V123: =V122 -> 0 | W123: =W122 -> 0 | X123: =X122 -> 0 | Y123: =SUM(U123:X123) -> 749400
A124: 46143 | F124: =F123 -> 42123 | G124: =G123 -> 69725 | H124: =H123 -> 0 | I124: =I123 -> 14417 | J124: =J123+B124-SUMIFS(рапорт!$O:$O,рапорт!$A:$A,A124)-SUMIFS(рапорт!$U:$U,рапорт!$A:$A,A124)/4 -> 40796 | K124: =K123+C124-SUMIFS(рапорт!$P:$P,рапорт!$A:$A,A124)-SUMIFS(рапорт!$U:$U,рапорт!$A:$A,A124)/4 -> 85531 | L124: =L123+D124-SUMIFS(рапорт!$Q:$Q,рапорт!$A:$A,A124)-SUMIFS(рапорт!$U:$U,рапорт!$A:$A,A124)/4 -> 48580 | M124: =M123+E124-SUMIFS(рапорт!$R:$R,рапорт!$A:$A,A124)-SUMIFS(рапорт!$U:$U,рапорт!$A:$A,A124)/4 -> 15697 | O124: 46143 | T124: =SUM(P124:S124) -> 0 | U124: =U123 -> 749400 | V124: =V123 -> 0 | W124: =W123 -> 0 | X124: =X123 -> 0 | Y124: =SUM(U124:X124) -> 749400
... A134: 46153 | F134: =F133 -> 42123 | G134: =G133 -> 69725 | H134: =H133 -> 0 | I134: =I133 -> 14417 | J134: =J133+B134-SUMIFS(рапорт!$O:$O,рапорт!$A:$A,A134)-SUMIFS(рапорт!$U:$U,рапорт!$A:$A,A134)/4 -> 40796 | K134: =K133+C134-SUMIFS(рапорт!$P:$P,рапорт!$A:$A,A134)-SUMIFS(рапорт!$U:$U,рапорт!$A:$A,A134)/4 -> 85531 | L134: =L133+D134-SUMIFS(рапорт!$Q:$Q,рапорт!$A:$A,A134)-SUMIFS(рапорт!$U:$U,рапорт!$A:$A,A134)/4 -> 48580 | M134: =M133+E134-SUMIFS(рапорт!$R:$R,рапорт!$A:$A,A134)-SUMIFS(рапорт!$U:$U,рапорт!$A:$A,A134)/4 -> 15697 | O134: 46153 | T134: =SUM(P134:S134) -> 0 | U134: =U133 -> 749400 | V134: =V133 -> 0 | W134: =W133 -> 0 | X134: =X133 -> 0 | Y134: =SUM(U134:X134) -> 749400
A135: 46154 | B135: 39830 | F135: =F134 -> 42123 | G135: =G134 -> 69725 | H135: =H134 -> 0 | I135: =I134 -> 14417 | J135: =J134+B135-SUMIFS(рапорт!$O:$O,рапорт!$A:$A,A135)-SUMIFS(рапорт!$U:$U,рапорт!$A:$A,A135)/4 -> 80626 | K135: =K134+C135-SUMIFS(рапорт!$P:$P,рапорт!$A:$A,A135)-SUMIFS(рапорт!$U:$U,рапорт!$A:$A,A135)/4 -> 85531 | L135: =L134+D135-SUMIFS(рапорт!$Q:$Q,рапорт!$A:$A,A135)-SUMIFS(рапорт!$U:$U,рапорт!$A:$A,A135)/4 -> 48580 | M135: =M134+E135-SUMIFS(рапорт!$R:$R,рапорт!$A:$A,A135)-SUMIFS(рапорт!$U:$U,рапорт!$A:$A,A135)/4 -> 15697 | O135: 46154 | T135: =SUM(P135:S135) -> 0 | U135: =U134 -> 749400 | V135: =V134 -> 0 | W135: =W134 -> 0 | X135: =X134 -> 0 | Y135: =SUM(U135:X135) -> 749400
A136: 46155 | B136: 38670 | C136: 39680 | F136: =F135 -> 42123 | G136: =G135 -> 69725 | H136: =H135 -> 0 | I136: =I135 -> 14417 | J136: =J135+B136-SUMIFS(рапорт!$O:$O,рапорт!$A:$A,A136)-SUMIFS(рапорт!$U:$U,рапорт!$A:$A,A136)/4 -> 105216 | K136: =K135+C136-SUMIFS(рапорт!$P:$P,рапорт!$A:$A,A136)-SUMIFS(рапорт!$U:$U,рапорт!$A:$A,A136)/4 -> 111923 | L136: =L135+D136-SUMIFS(рапорт!$Q:$Q,рапорт!$A:$A,A136)-SUMIFS(рапорт!$U:$U,рапорт!$A:$A,A136)/4 -> 48580 | M136: =M135+E136-SUMIFS(рапорт!$R:$R,рапорт!$A:$A,A136)-SUMIFS(рапорт!$U:$U,рапорт!$A:$A,A136)/4 -> 15697 | O136: 46155 | T136: =SUM(P136:S136) -> 0 | U136: =U135 -> 749400 | V136: =V135 -> 0 | W136: =W135 -> 0 | X136: =X135 -> 0 | Y136: =SUM(U136:X136) -> 749400
A137: 46156 | F137: =F136 -> 42123 | G137: =G136 -> 69725 | H137: =H136 -> 0 | I137: =I136 -> 14417 | J137: =J136+B137-SUMIFS(рапорт!$O:$O,рапорт!$A:$A,A137)-SUMIFS(рапорт!$U:$U,рапорт!$A:$A,A137)/4 -> 90013 | K137: =K136+C137-SUMIFS(рапорт!$P:$P,рапорт!$A:$A,A137)-SUMIFS(рапорт!$U:$U,рапорт!$A:$A,A137)/4 -> 94714 | L137: =L136+D137-SUMIFS(рапорт!$Q:$Q,рапорт!$A:$A,A137)-SUMIFS(рапорт!$U:$U,рапорт!$A:$A,A137)/4 -> 48100 | M137: =M136+E137-SUMIFS(рапорт!$R:$R,рапорт!$A:$A,A137)-SUMIFS(рапорт!$U:$U,рапорт!$A:$A,A137)/4 -> 15217 | O137: 46156 | T137: =SUM(P137:S137) -> 0 | U137: =U136 -> 749400 | V137: =V136 -> 0 | W137: =W136 -> 0 | X137: =X136 -> 0 | Y137: =SUM(U137:X137) -> 749400
A138: 46157 | C138: 39590 | F138: =F137 -> 42123 | G138: =G137 -> 69725 | H138: =H137 -> 0 | I138: =I137 -> 14417 | J138: =J137+B138-SUMIFS(рапорт!$O:$O,рапорт!$A:$A,A138)-SUMIFS(рапорт!$U:$U,рапорт!$A:$A,A138)/4 -> 71445 | K138: =K137+C138-SUMIFS(рапорт!$P:$P,рапорт!$A:$A,A138)-SUMIFS(рапорт!$U:$U,рапорт!$A:$A,A138)/4 -> 113798 | L138: =L137+D138-SUMIFS(рапорт!$Q:$Q,рапорт!$A:$A,A138)-SUMIFS(рапорт!$U:$U,рапорт!$A:$A,A138)/4 -> 48100 | M138: =M137+E138-SUMIFS(рапорт!$R:$R,рапорт!$A:$A,A138)-SUMIFS(рапорт!$U:$U,рапорт!$A:$A,A138)/4 -> 15217 | O138: 46157 | T138: =SUM(P138:S138) -> 0 | U138: =U137 -> 749400 | V138: =V137 -> 0 | W138: =W137 -> 0 | X138: =X137 -> 0 | Y138: =SUM(U138:X138) -> 749400
A139: 46158 | B139: 39610 | F139: =F138 -> 42123 | G139: =G138 -> 69725 | H139: =H138 -> 0 | I139: =I138 -> 14417 | J139: =J138+B139-SUMIFS(рапорт!$O:$O,рапорт!$A:$A,A139)-SUMIFS(рапорт!$U:$U,рапорт!$A:$A,A139)/4 -> 86071 | K139: =K138+C139-SUMIFS(рапорт!$P:$P,рапорт!$A:$A,A139)-SUMIFS(рапорт!$U:$U,рапорт!$A:$A,A139)/4 -> 88813 | L139: =L138+D139-SUMIFS(рапорт!$Q:$Q,рапорт!$A:$A,A139)-SUMIFS(рапорт!$U:$U,рапорт!$A:$A,A139)/4 -> 48100 | M139: =M138+E139-SUMIFS(рапорт!$R:$R,рапорт!$A:$A,A139)-SUMIFS(рапорт!$U:$U,рапорт!$A:$A,A139)/4 -> 15217 | O139: 46158 | T139: =SUM(P139:S139) -> 0 | U139: =U138 -> 749400 | V139: =V138 -> 0 | W139: =W138 -> 0 | X139: =X138 -> 0 | Y139: =SUM(U139:X139) -> 749400
A140: 46159 | F140: =F139 -> 42123 | G140: =G139 -> 69725 | H140: =H139 -> 0 | I140: =I139 -> 14417 | J140: =J139+B140-SUMIFS(рапорт!$O:$O,рапорт!$A:$A,A140)-SUMIFS(рапорт!$U:$U,рапорт!$A:$A,A140)/4 -> 55961 | K140: =K139+C140-SUMIFS(рапорт!$P:$P,рапорт!$A:$A,A140)-SUMIFS(рапорт!$U:$U,рапорт!$A:$A,A140)/4 -> 59253 | L140: =L139+D140-SUMIFS(рапорт!$Q:$Q,рапорт!$A:$A,A140)-SUMIFS(рапорт!$U:$U,рапорт!$A:$A,A140)/4 -> 48100 | M140: =M139+E140-SUMIFS(рапорт!$R:$R,рапорт!$A:$A,A140)-SUMIFS(рапорт!$U:$U,рапорт!$A:$A,A140)/4 -> 15217 | O140: 46159 | T140: =SUM(P140:S140) -> 0 | U140: =U139 -> 749400 | V140: =V139 -> 0 | W140: =W139 -> 0 | X140: =X139 -> 0 | Y140: =SUM(U140:X140) -> 749400
A141: 46160 | B141: 39840 | C141: 39800 | F141: =F140 -> 42123 | G141: =G140 -> 69725 | H141: =H140 -> 0 | I141: =I140 -> 14417 | J141: =J140+B141-SUMIFS(рапорт!$O:$O,рапорт!$A:$A,A141)-SUMIFS(рапорт!$U:$U,рапорт!$A:$A,A141)/4 -> 72073 | K141: =K140+C141-SUMIFS(рапорт!$P:$P,рапорт!$A:$A,A141)-SUMIFS(рапорт!$U:$U,рапорт!$A:$A,A141)/4 -> 70750 | L141: =L140+D141-SUMIFS(рапорт!$Q:$Q,рапорт!$A:$A,A141)-SUMIFS(рапорт!$U:$U,рапорт!$A:$A,A141)/4 -> 48100 | M141: =M140+E141-SUMIFS(рапорт!$R:$R,рапорт!$A:$A,A141)-SUMIFS(рапорт!$U:$U,рапорт!$A:$A,A141)/4 -> 15217 | O141: 46160 | T141: =SUM(P141:S141) -> 0 | U141: =U140 -> 749400 | V141: =V140 -> 0 | W141: =W140 -> 0 | X141: =X140 -> 0 | Y141: =SUM(U141:X141) -> 749400
...

Sheet инфо
A1: Номенклатура | B1: ед. изм. | C1: 8 волн | D1: 7 волн | E1: РП | F1: плоский 6мм | G1: плоский 8мм | H1: плоский 10мм | I1: грядки | J1: Конек, тройник | K1: плита | L1: плоский 600*1200*8 мм | M1: плоский 10мм (1,2*1,2) | N1: плоский 12мм (1,2*1,2) | O1: плоский 8мм (1,8*1,5) | P1: Сайдинг (1,8*0,25) | Q1: Сайдинг (1,8*0,235) | R1: Грядки | S1: Штакет заборный 700*100*8 мм | T1: Плитка 600*400 | U1: Плоский 900*600 | V1: Плита фасадная 2600*608 | W1: Плита фасадная 2650*608 | X1: Плита фасадная 2700*608 | Y1: Плита фасадная 2750*608 | Z1: Плита фасадная 2800*608 | AA1: Плита фасадная 2850*608 | AB1: Плита АЦЭИД | AC1: Плита фасадная 3000 | AD1: ЛПН 3000*1500*8 мм | AE1: ЛПН 3600*1500*8 мм | AF1: ЛПН 3600*1500*10 мм | AG1: АЦЭИД 1800*240*10 мм | AH1: ЛПН 3000*1500*10 мм
A2: Длина листа | B2: мм | C2: 1750 | D2: 1750 | E2: 1750 | F2: 1800 | G2: 1800 | H2: 1800 | I2: 1800 | J2: 600 | K2: 3000 | L2: 1200 | M2: 1200 | N2: 1200 | O2: 1800 | P2: 1800 | Q2: 1800 | R2: 1800 | S2: 700 | T2: 600 | U2: 900 | V2: 2600 | W2: 2650 | X2: 2700 | Y2: 2750 | Z2: 2800 | AA2: 2850 | AB2: 1500 | AC2: 3000 | AD2: 3000 | AE2: 3600 | AF2: 3600 | AG2: 1800 | AH2: 3000
A3: Ширина листа | B3: мм | C3: 1130 | D3: =C3/8*7 -> 988.75 | E3: 930 | F3: 1200 | G3: 1200 | H3: 1200 | I3: 1200 | J3: 200 | K3: 608 | L3: 600 | M3: 1200 | N3: 1200 | O3: 1500 | P3: 250 | Q3: 235 | R3: 1250 | S3: 100 | T3: 400 | U3: 600 | V3: 608 | W3: 608 | X3: 608 | Y3: 608 | Z3: 608 | AA3: 608 | AB3: 1000 | AC3: 1200 | AD3: 1500 | AE3: 1500 | AF3: 1500 | AG3: 240 | AH3: 1500
A4: Толщина листа | B4: мм | C4: 5.2 | D4: 5.3 | E4: 5.5 | F4: 6 | G4: 7.5 | H4: 10 | I4: 7.5 | J4: 5.2 | K4: 4.5 | L4: 7.5 | M4: 10 | N4: 12 | O4: 8 | P4: 8 | Q4: 8 | R4: 7.5 | S4: 8 | T4: 8 | U4: 8 | V4: 4.5 | W4: 4.5 | X4: 4.5 | Y4: 4.5 | Z4: 4.5 | AA4: 4.5 | AB4: 8 | AC4: 4.5 | AD4: 8 | AE4: 8 | AF4: 10 | AG4: 10 | AH4: 10
A5: Плотность листа | B5: кг/см3 | C5: 1.7 | D5: 1.7 | E5: 1.7 | F5: 1.7 | G5: 1.7 | H5: 1.7 | I5: 1.7 | J5: 1.7 | K5: 1.7 | L5: 1.7 | M5: 1.7 | N5: 1.7 | O5: 1.7 | P5: 1.7 | Q5: 1.7 | R5: 1.7 | S5: 1.7 | T5: 1.7 | U5: 1.7 | V5: 1.7 | W5: 1.7 | X5: 1.7 | Y5: 1.7 | Z5: 1.7 | AA5: 1.7 | AB5: 1.7 | AC5: 1.7 | AD5: 1.7 | AE5: 1.7 | AF5: 1.7 | AG5: 1.7 | AH5: 1.7
A6: Площадь листа | B6: м2 | C6: =C2*C3/1000000 -> 1.9775 | D6: =D2*D3/1000000 -> 1.7303125 | E6: =E2*E3/1000000 -> 1.6275 | F6: =F2*F3/1000000 -> 2.16 | G6: =G2*G3/1000000 -> 2.16 | H6: =H2*H3/1000000 -> 2.16 | I6: =I2*I3/1000000 -> 2.16 | J6: =J2*J3/1000000 -> 0.12 | ... AH6: =AH2*AH3/1000000 -> 4.5
A7: Масса шихты | B7: кг | C7: =C5*C6*C4 -> 17.4811 | D7: =D5*D6*D4 -> 15.590116 | E7: =E5*E6*E4 -> 15.217125 | F7: =F5*F6*F4 -> 22.032 | G7: =G5*G6*G4 -> 27.54 | H7: =H5*H6*H4 -> 36.72 | I7: =I5*I6*I4 -> 27.54 | J7: =J5*J6*J4 -> 1.0608 | ... AH7: =AH5*AH6*AH4 -> 76.5
A8: Масса листа | B8: кг | C8: =C6*C4*C5*1.21 -> 21.152131 | D8: =D6*D4*D5*1.21 -> 18.86404 | E8: =E6*E4*E5*1.21 -> 18.412721 | F8: =F6*F4*F5*1.21 -> 26.65872 | G8: =G6*G4*G5*1.21 -> 33.3234 | H8: =H6*H4*H5*1.21 -> 44.4312 | I8: =I6*I4*I5*1.21 -> 33.3234 | J8: =J6*J4*J5*1.21 -> 1.283568 | K8: =K6*K4*K5*1.21 -> 16.883856 | L8: =L6*L4*L5*1.19 -> 10.9242 | M8: =M6*M4*M5*1.19 -> 29.1312 | N8: =N6*N4*N5*1.19 -> 34.95744 | O8: =O6*O4*O5*1.19 -> 43.6968 | P8: =P6*P4*P5*1.19 -> 7.2828 | Q8: =Q6*Q4*Q5*1.19 -> 6.845832 | R8: =R6*R4*R5*1.19 -> 34.138125 | S8: =S6*S4*S5*1.19 -> 1.13288 | ... AH8: =AH6*AH4*AH5*1.19 -> 91.035
A9: В переводе на 8 волн | C9: 1 | D9: =D8/$C$8 -> 0.89182692 | E9: =E8/$C$8 -> 0.87049013 | F9: =F8/$C$8 -> 1.2603326 | G9: =G8/$C$8 -> 1.5754157 | H9: =H8/$C$8 -> 2.1005543 | I9: =I8/$C$8 -> 1.5754157 | J9: =J8/$C$8 -> 0.06068268 | K9: =K8/$C$8 -> 0.79821064 | ... AH9: =AH8/$C$8 -> 4.3038217
C10: 10283 | D10: 9171 | E10: 8951 | F10: 12960 | G10: 17280 | H10: 21600
A14: номенклатура | B14: код | C14: масса листа, тн | D14: норма асбест | E14: норма цемент | F14: норма целлюлоза | G14: норма стекловолокно | H14: норма фибра базальтовая | I14: норма асбозурит | J14: норма дроб шиф | K14: кол-во листов с замеса
A15: 8 волн гладкий | B15: 1 | C15: 19.6 | D15: 2.31 | E15: 14.93 | F15: 0.231 | G15: 0.046 | H15: 0 | I15: 0.15 | J15: 0.231 | K15: 43.3
A16: 8 волн рифленый | B16: 2 | C16: 19.6 | D16: 2.31 | E16: 14.93 | F16: 0.231 | G16: 0.046 | H16: 0 | I16: 0.15 | J16: 0.231 | K16: 43.3
A17: 8 волн пигмент | B17: 3 | C17: 19.6 | D17: 2.31 | E17: 14.93 | F17: 0.231 | G17: 0.046 | H17: 0 | I17: 0.15 | J17: 0.231 | K17: 43.3
A18: 7 волн | B18: 4 | C18: 17.07 | D18: 201 | E18: 13.01 | F18: 0.201 | G18: 0.04 | H18: 0 | I18: 0.101 | J18: 0.201 | K18: 49.7
A19: 7 волн 3500*980 | C19: 34.14 | D19: 40.3 | E19: 26.01 | F19: 0.402 | G19: 0.08 | H19: 0 | I19: 201 | J19: 0.402 | K19: 24.9
A20: РП | B20: 5 | C20: 17.43 | D20: 2.06 | E20: 13.28 | F20: 0.205 | G20: 0.041 | H20: 0 | I20: 0.103 | J20: 0.205 | K20: 48.7
A21: РП половинка | B21: 6 | C21: 8.71 | D21: 1.03 | E21: 664 | F21: 103 | G21: 0.021 | H21: 0 | I21: 0.051 | J21: 0.103 | K21: 97.4
A22: РП коричневый | B22: 7 | C22: 17.43 | D22: 2.06 | E22: 13.28 | F22: 0.205 | G22: 0.041 | H22: 0 | I22: 0.103 | J22: 0.205 | K22: 48.7
A23: РП половинка коричневый | B23: 8 | C23: 8.71 | D23: 1.03 | E23: 664 | F23: 103 | G23: 0.021 | H23: 0 | I23: 0.051 | J23: 0.103 | K23: 97.4
A24: РП красный | C24: 17.43 | D24: 2.06 | E24: 13.28 | F24: 0.205 | G24: 0.041 | H24: 0 | I24: 0.103 | J24: 0.205 | K24: 48.7
A25: РП половинка красный | C25: 8.71 | D25: 1.03 | E25: 664 | F25: 103 | G25: 0.021 | H25: 0 | I25: 0.051 | J25: 0.103 | K25: 97.4
A26: плоский 6 | B26: 9 | C26: 21 | D26: 2.48 | E26: 16.04 | F26: 0.248 | G26: 0 | H26: 0 | I26: 0.124 | J26: 0.248 | K26: 40.3
A27: плоский 8 | B27: 10 | C27: 27.99 | D27: 3.31 | E27: 2138 | F27: 0.331 | G27: 0 | H27: 0 | I27: 0.165 | J27: 0.331 | K27: 303
A28: плоский 10 | B28: 11 | C28: 34.99 | D28: 414 | E28: 26.73 | F28: 0.413 | G28: 0 | H28: 0 | I28: 0.207 | J28: 0.413 | K28: 242
D29: =D15/C15 -> 0.11785714 | E29: =E15/C15 -> 0.76173469
A33: Фамилии мастеров | C33: линия | E33: простои
A34: Дауылбай | C34: хоргос | E34: ППР
A35: Монаев | C35: шанхай | E35: Механич
A36: Султанулы | C36: смена | E36: электрич
A37: Бекбосынов | C37: день | E37: Технологич
C38: ночь | E38: Прочие
